,BARGE,BEACON,BEEHIVE,BLINKER,BLOCK,BOAT,GLIDER,HALF_BAKERY,HALF_FLEET,LOAF,LONG_BARGE,LONG_BOAT,MANGO,POND,SHIP,TOAD,TUB
0,0.0,0.0,0.0,0.0,0.0,0.0,0.0,0.0,0.0,0.0,0.0,0.0,0.0,0.0,0.0,0.0,0.0
1,0.0,0.0,0.0,3.0,0.0,0.0,0.0,0.0,0.0,0.0,0.0,0.0,0.0,0.0,0.0,0.0,0.0
2,0.0,0.0,0.0,0.0,0.0,0.0,0.0,0.0,0.0,0.0,0.0,0.0,0.0,0.0,0.0,0.0,0.0
3,0.0,0.0,0.0,4.0,0.0,0.0,0.0,0.0,0.0,0.0,0.0,0.0,0.0,0.0,0.0,0.0,0.0
4,0.0,0.0,0.0,3.0,0.0,0.0,0.0,0.0,0.0,0.0,0.0,0.0,0.0,0.0,0.0,0.0,0.0
5,0.0,0.0,0.0,6.0,0.0,0.0,0.0,0.0,0.0,0.0,0.0,0.0,0.0,0.0,0.0,0.0,0.0
6,0.0,0.0,0.0,0.0,0.0,0.0,0.0,0.0,0.0,0.0,0.0,0.0,0.0,0.0,0.0,0.0,0.0
7,0.0,0.0,0.0,8.0,0.0,0.0,0.0,0.0,0.0,0.0,0.0,0.0,0.0,0.0,0.0,0.0,0.0
8,0.0,0.0,0.0,8.0,0.0,0.0,0.0,0.0,0.0,0.0,0.0,0.0,0.0,0.0,0.0,0.0,0.0
9,0.0,0.0,0.0,8.0,0.0,0.0,0.0,0.0,0.0,0.0,0.0,0.0,0.0,0.0,0.0,0.0,0.0
10,0.0,0.0,0.0,2.0,0.0,0.0,0.0,0.0,0.0,0.0,0.0,0.0,0.0,0.0,0.0,0.0,0.0
11,0.0,0.0,0.0,13.0,0.0,0.0,0.0,0.0,0.0,0.0,0.0,0.0,0.0,0.0,0.0,0.0,0.0
12,0.0,0.0,0.0,9.0,0.0,0.0,0.0,0.0,0.0,0.0,0.0,0.0,0.0,0.0,0.0,0.0,0.0
13,0.0,0.0,1.0,14.0,0.0,0.0,0.0,0.0,0.0,0.0,0.0,0.0,0.0,0.0,0.0,0.0,0.0
14,0.0,0.0,0.0,0.0,0.0,0.0,0.0,0.0,0.0,0.0,0.0,0.0,0.0,0.0,0.0,0.0,1.0
15,0.0,0.0,1.0,19.0,0.0,0.0,0.0,0.0,0.0,0.0,0.0,0.0,0.0,0.0,0.0,0.0,0.0
16,0.0,0.0,0.0,20.0,0.0,0.0,0.0,0.0,0.0,0.0,0.0,0.0,0.0,0.0,0.0,0.0,1.0
17,0.0,0.0,0.0,12.0,0.0,0.0,0.0,0.0,0.0,0.0,0.0,0.0,0.0,0.0,0.0,0.0,0.0
18,0.0,0.0,0.0,0.0,0.0,0.0,0.0,0.0,0.0,0.0,0.0,0.0,0.0,0.0,0.0,0.0,0.0
19,0.0,0.0,0.0,10.0,0.0,0.0,0.0,0.0,0.0,0.0,0.0,0.0,0.0,0.0,0.0,0.0,0.0
20,0.0,0.0,0.0,8.0,0.0,0.0,0.0,0.0,0.0,0.0,0.0,0.0,0.0,0.0,0.0,0.0,0.0
21,0.0,0.0,0.0,18.0,0.0,0.0,0.0,0.0,0.0,0.0,0.0,0.0,0.0,0.0,0.0,0.0,0.0
22,0.0,0.0,0.0,0.0,0.0,0.0,0.0,0.0,0.0,0.0,0.0,0.0,0.0,0.0,0.0,0.0,0.0
23,0.0,0.0,0.0,24.0,0.0,0.0,0.0,0.0,0.0,0.0,0.0,0.0,0.0,0.0,0.0,0.0,0.0
24,0.0,0.0,0.0,18.0,0.0,0.0,0.0,0.0,0.0,0.0,0.0,0.0,0.0,0.0,0.0,0.0,0.0
25,0.0,0.0,0.0,16.0,0.0,0.0,0.0,0.0,0.0,0.0,0.0,0.0,0.0,0.0,0.0,0.0,0.0
26,0.0,0.0,0.0,2.0,0.0,0.0,0.0,0.0,0.0,0.0,0.0,0.0,0.0,0.0,0.0,0.0,0.0
27,0.0,0.0,0.0,24.0,0.0,0.0,1.0,0.0,0.0,0.0,0.0,0.0,0.0,0.0,0.0,0.0,0.0
28,0.0,0.0,0.0,16.0,0.0,0.0,0.0,0.0,0.0,0.0,0.0,0.0,0.0,0.0,0.0,0.0,0.0
29,0.0,0.0,0.0,32.0,2.0,0.0,0.0,0.0,0.0,0.0,0.0,0.0,0.0,0.0,0.0,0.0,0.0
30,0.0,0.0,0.0,0.0,2.0,0.0,0.0,0.0,0.0,0.0,0.0,0.0,0.0,0.0,0.0,0.0,0.0
31,0.0,0.0,0.0,40.0,0.0,0.0,0.0,0.0,0.0,0.0,0.0,0.0,0.0,0.0,0.0,0.0,0.0
32,0.0,0.0,0.0,46.0,0.0,2.0,0.0,0.0,0.0,0.0,0.0,0.0,0.0,0.0,0.0,0.0,2.0
33,0.0,0.0,0.0,16.0,4.0,0.0,1.0,0.0,0.0,0.0,0.0,0.0,0.0,0.0,0.0,0.0,0.0
34,0.0,0.0,0.0,6.0,2.0,0.0,0.0,0.0,0.0,0.0,0.0,0.0,0.0,0.0,0.0,0.0,0.0
35,0.0,0.0,2.0,22.0,0.0,0.0,1.0,0.0,0.0,0.0,0.0,0.0,0.0,0.0,2.0,0.0,0.0
36,0.0,0.0,0.0,14.0,2.0,0.0,2.0,0.0,0.0,0.0,0.0,0.0,0.0,0.0,0.0,2.0,0.0
37,0.0,0.0,0.0,28.0,2.0,0.0,0.0,0.0,0.0,0.0,0.0,0.0,0.0,0.0,0.0,0.0,0.0
38,0.0,0.0,0.0,12.0,2.0,0.0,3.0,0.0,0.0,2.0,0.0,0.0,0.0,0.0,0.0,0.0,0.0
39,0.0,0.0,2.0,30.0,4.0,0.0,0.0,0.0,0.0,0.0,0.0,0.0,0.0,0.0,0.0,0.0,0.0
40,0.0,0.0,0.0,20.0,2.0,4.0,0.0,0.0,0.0,0.0,0.0,0.0,0.0,0.0,2.0,0.0,0.0
41,0.0,0.0,0.0,28.0,6.0,0.0,1.0,0.0,0.0,0.0,0.0,0.0,0.0,0.0,0.0,0.0,0.0
42,0.0,0.0,0.0,8.0,6.0,0.0,0.0,0.0,0.0,0.0,0.0,0.0,0.0,0.0,0.0,2.0,0.0
43,0.0,0.0,0.0,24.0,4.0,6.0,6.0,0.0,0.0,0.0,0.0,0.0,0.0,0.0,2.0,0.0,0.0
44,0.0,0.0,0.0,22.0,4.0,0.0,0.0,0.0,0.0,2.0,0.0,0.0,0.0,0.0,2.0,6.0,0.0
45,0.0,0.0,0.0,46.0,4.0,0.0,0.0,0.0,0.0,2.0,0.0,0.0,0.0,0.0,0.0,2.0,0.0
46,0.0,0.0,0.0,4.0,4.0,0.0,0.0,0.0,0.0,0.0,0.0,0.0,0.0,0.0,0.0,0.0,0.0
47,0.0,0.0,2.0,52.0,10.0,0.0,1.0,0.0,0.0,0.0,0.0,0.0,0.0,0.0,0.0,2.0,0.0
48,0.0,0.0,0.0,42.0,2.0,0.0,0.0,0.0,0.0,0.0,0.0,0.0,0.0,0.0,0.0,0.0,0.0
49,0.0,0.0,0.0,26.0,4.0,0.0,2.0,0.0,0.0,0.0,0.0,0.0,0.0,0.0,0.0,0.0,0.0
50,0.0,0.0,4.0,16.0,2.0,0.0,0.0,0.0,0.0,0.0,0.0,0.0,0.0,0.0,0.0,0.0,0.0
51,0.0,0.0,4.0,26.0,2.0,0.0,1.0,0.0,0.0,0.0,0.0,0.0,0.0,0.0,2.0,0.0,0.0
52,0.0,0.0,6.0,16.0,2.0,6.0,4.0,0.0,0.0,0.0,0.0,0.0,0.0,0.0,2.0,4.0,0.0
53,0.0,0.0,4.0,50.0,4.0,0.0,0.0,0.0,0.0,4.0,0.0,0.0,0.0,0.0,2.0,0.0,0.0
54,0.0,0.0,6.0,8.0,2.0,2.0,1.0,0.0,0.0,2.0,0.0,0.0,1.0,0.0,0.0,0.0,0.0
55,0.0,0.0,6.0,54.0,8.0,2.0,1.0,0.0,0.0,2.0,0.0,0.0,0.0,0.0,0.0,0.0,2.0
56,0.0,0.0,4.0,60.0,6.0,0.0,0.0,0.0,0.0,2.0,0.0,0.0,0.0,0.0,0.0,0.0,2.0
57,0.0,0.0,4.0,42.0,6.0,0.0,1.0,0.0,0.0,4.0,0.0,0.0,0.0,0.0,0.0,0.0,0.0
58,0.0,0.0,4.0,10.0,10.0,0.0,0.0,0.0,0.0,4.0,0.0,0.0,0.0,0.0,0.0,0.0,0.0
59,0.0,0.0,4.0,48.0,2.0,0.0,1.0,0.0,0.0,2.0,0.0,0.0,0.0,0.0,0.0,0.0,0.0
60,0.0,0.0,4.0,38.0,10.0,0.0,1.0,0.0,0.0,0.0,0.0,0.0,0.0,0.0,0.0,4.0,0.0
61,0.0,0.0,6.0,72.0,10.0,0.0,3.0,0.0,0.0,0.0,0.0,0.0,0.0,0.0,2.0,2.0,0.0
62,0.0,0.0,6.0,8.0,8.0,0.0,1.0,0.0,0.0,0.0,0.0,0.0,0.0,0.0,0.0,0.0,0.0
63,0.0,0.0,4.0,82.0,6.0,4.0,1.0,0.0,0.0,0.0,0.0,0.0,0.0,2.0,4.0,0.0,2.0
64,0.0,0.0,2.0,93.0,6.0,0.0,0.0,0.0,0.0,0.0,0.0,0.0,1.0,2.0,0.0,4.0,0.0
65,0.0,0.0,4.0,15.0,4.0,0.0,1.0,0.0,0.0,0.0,0.0,0.0,0.0,0.0,0.0,0.0,0.0
66,0.0,0.0,0.0,12.0,2.0,0.0,0.0,0.0,0.0,0.0,0.0,0.0,0.0,0.0,2.0,0.0,2.0
67,0.0,0.0,2.0,31.0,2.0,2.0,4.0,0.0,0.0,2.0,0.0,0.0,0.0,0.0,2.0,0.0,0.0
68,0.0,0.0,0.0,18.0,2.0,4.0,4.0,0.0,0.0,0.0,0.0,0.0,0.0,0.0,0.0,0.0,2.0
69,0.0,0.0,0.0,44.0,6.0,0.0,1.0,0.0,0.0,0.0,0.0,0.0,0.0,0.0,0.0,0.0,0.0
70,0.0,0.0,4.0,28.0,8.0,2.0,4.0,0.0,0.0,2.0,0.0,0.0,1.0,0.0,2.0,2.0,0.0
71,0.0,0.0,6.0,42.0,12.0,0.0,0.0,0.0,0.0,4.0,0.0,0.0,2.0,0.0,4.0,0.0,0.0
72,0.0,0.0,2.0,24.0,6.0,2.0,0.0,0.0,0.0,2.0,0.0,0.0,1.0,0.0,0.0,4.0,0.0
73,0.0,0.0,2.0,41.0,10.0,0.0,2.0,0.0,0.0,0.0,0.0,0.0,0.0,0.0,0.0,0.0,0.0
74,0.0,0.0,4.0,21.0,24.0,0.0,2.0,0.0,0.0,0.0,0.0,0.0,0.0,0.0,2.0,2.0,0.0
75,0.0,0.0,4.0,35.0,2.0,0.0,4.0,0.0,0.0,0.0,0.0,0.0,0.0,0.0,4.0,0.0,0.0
76,0.0,0.0,0.0,41.0,19.0,2.0,2.0,0.0,0.0,2.0,0.0,2.0,0.0,0.0,6.0,10.0,2.0
77,0.0,0.0,0.0,64.0,13.0,2.0,0.0,0.0,0.0,0.0,0.0,2.0,0.0,0.0,4.0,10.0,2.0
78,0.0,0.0,6.0,29.0,17.0,8.0,5.0,0.0,0.0,2.0,0.0,2.0,1.0,0.0,6.0,0.0,2.0
79,0.0,0.0,0.0,24.0,14.0,2.0,1.0,0.0,0.0,5.0,0.0,2.0,2.0,0.0,3.0,2.0,7.0
80,4.0,0.0,4.0,38.0,15.0,2.0,1.0,0.0,0.0,4.0,0.0,2.0,1.0,0.0,6.0,2.0,2.0
81,0.0,0.0,0.0,34.0,21.0,10.0,2.0,0.0,0.0,0.0,0.0,4.0,0.0,0.0,6.0,4.0,2.0
82,0.0,0.0,4.0,42.0,7.0,2.0,2.0,0.0,0.0,0.0,0.0,2.0,0.0,0.0,2.0,1.0,3.0
83,0.0,0.0,4.0,36.0,7.0,2.0,1.0,0.0,0.0,4.0,0.0,2.0,0.0,0.0,2.0,4.0,2.0
84,0.0,2.0,1.0,29.0,15.0,2.0,1.0,0.0,0.0,0.0,0.0,2.0,0.0,2.0,3.0,2.0,2.0
85,0.0,2.0,7.0,64.0,25.0,3.0,0.0,0.0,0.0,6.0,0.0,2.0,2.0,0.0,2.0,2.0,2.0
86,0.0,0.0,2.0,44.0,9.0,8.0,1.0,0.0,0.0,0.0,0.0,2.0,0.0,0.0,6.0,0.0,2.0
87,0.0,0.0,6.0,40.0,9.0,6.0,1.0,0.0,0.0,0.0,0.0,2.0,0.0,0.0,4.0,0.0,2.0
88,0.0,0.0,4.0,16.0,16.0,6.0,2.0,0.0,0.0,0.0,0.0,2.0,0.0,0.0,4.0,0.0,2.0
89,1.0,0.0,4.0,20.0,11.0,10.0,6.0,0.0,0.0,1.0,0.0,2.0,0.0,0.0,6.0,0.0,2.0
90,0.0,0.0,12.0,17.0,13.0,4.0,2.0,0.0,0.0,2.0,0.0,2.0,0.0,0.0,4.0,1.0,4.0
91,0.0,0.0,6.0,24.0,13.0,6.0,2.0,0.0,0.0,2.0,0.0,2.0,0.0,0.0,4.0,1.0,2.0
92,0.0,0.0,7.0,8.0,15.0,2.0,0.0,0.0,0.0,3.0,0.0,2.0,1.0,3.0,8.0,3.0,2.0
93,0.0,0.0,9.0,27.0,15.0,2.0,1.0,0.0,0.0,2.0,0.0,2.0,1.0,0.0,4.0,0.0,2.0
94,0.0,0.0,6.0,23.0,17.0,2.0,0.0,0.0,0.0,0.0,0.0,2.0,0.0,0.0,4.0,0.0,2.0
95,0.0,0.0,6.0,24.0,14.0,8.0,3.0,0.0,0.0,0.0,0.0,2.0,0.0,2.0,2.0,2.0,2.0
96,0.0,0.0,4.0,18.0,17.0,4.0,2.0,0.0,0.0,2.0,0.0,2.0,0.0,3.0,2.0,7.0,2.0
97,2.0,0.0,6.0,16.0,12.0,6.0,3.0,0.0,0.0,2.0,0.0,2.0,0.0,0.0,2.0,0.0,2.0
98,0.0,0.0,4.0,16.0,14.0,6.0,2.0,0.0,0.0,2.0,0.0,4.0,0.0,0.0,8.0,0.0,4.0
99,0.0,0.0,6.0,36.0,14.0,12.0,4.0,0.0,0.0,0.0,0.0,4.0,0.0,2.0,6.0,0.0,4.0
100,0.0,0.0,10.0,26.0,13.0,6.0,2.0,0.0,0.0,2.0,0.0,2.0,1.0,0.0,4.0,0.0,2.0
101,0.0,0.0,8.0,16.0,16.0,12.0,0.0,0.0,0.0,0.0,0.0,2.0,0.0,0.0,8.0,1.0,2.0
102,0.0,0.0,8.0,22.0,10.0,6.0,4.0,0.0,0.0,1.0,0.0,2.0,0.0,1.0,4.0,4.0,2.0
103,0.0,0.0,6.0,33.0,10.0,6.0,1.0,0.0,0.0,1.0,0.0,2.0,1.0,0.0,7.0,4.0,2.0
104,2.0,0.0,9.0,39.0,15.0,12.0,3.0,0.0,0.0,1.0,0.0,2.0,1.0,0.0,3.0,0.0,4.0
105,0.0,0.0,11.0,37.0,17.0,2.0,0.0,0.0,0.0,0.0,0.0,3.0,0.0,0.0,3.0,0.0,2.0
106,0.0,0.0,7.0,29.0,10.0,6.0,1.0,0.0,0.0,0.0,0.0,6.0,0.0,0.0,6.0,0.0,4.0
107,0.0,0.0,7.0,41.0,9.0,4.0,2.0,0.0,0.0,0.0,0.0,3.0,0.0,0.0,4.0,0.0,4.0
108,0.0,0.0,7.0,37.0,15.0,4.0,1.0,0.0,0.0,4.0,0.0,2.0,0.0,0.0,5.0,4.0,7.0
109,1.0,0.0,6.0,37.0,20.0,5.0,1.0,0.0,0.0,2.0,0.0,2.0,0.0,0.0,5.0,3.0,2.0
110,0.0,0.0,8.0,31.0,17.0,2.0,1.0,0.0,0.0,1.0,0.0,2.0,0.0,0.0,2.0,2.0,2.0
111,0.0,0.0,10.0,30.0,13.0,9.0,5.0,0.0,0.0,1.0,0.0,2.0,0.0,0.0,3.0,0.0,2.0
112,0.0,0.0,5.0,37.0,14.0,6.0,3.0,0.0,0.0,8.0,0.0,6.0,0.0,0.0,4.0,0.0,2.0
113,0.0,0.0,6.0,40.0,19.0,3.0,1.0,0.0,0.0,1.0,0.0,2.0,0.0,0.0,2.0,0.0,2.0
114,0.0,0.0,6.0,38.0,21.0,5.0,4.0,0.0,0.0,1.0,0.0,3.0,0.0,0.0,5.0,0.0,3.0
115,0.0,0.0,5.0,36.0,30.0,5.0,1.0,0.0,0.0,3.0,0.0,3.0,2.0,0.0,5.0,2.0,3.0
116,0.0,0.0,8.0,31.0,25.0,11.0,3.0,0.0,0.0,1.0,0.0,5.0,0.0,0.0,5.0,2.0,3.0
117,0.0,0.0,8.0,33.0,19.0,9.0,1.0,0.0,0.0,5.0,0.0,3.0,1.0,0.0,7.0,0.0,5.0
118,0.0,0.0,10.0,20.0,24.0,3.0,0.0,0.0,0.0,3.0,0.0,3.0,0.0,0.0,3.0,0.0,3.0
119,0.0,0.0,8.0,30.0,26.0,5.0,0.0,0.0,0.0,5.0,0.0,3.0,0.0,2.0,3.0,0.0,3.0
120,0.0,0.0,9.0,28.0,20.0,3.0,1.0,0.0,0.0,1.0,0.0,3.0,0.0,0.0,3.0,1.0,3.0
121,0.0,0.0,6.0,39.0,22.0,4.0,1.0,0.0,0.0,1.0,0.0,3.0,0.0,0.0,5.0,1.0,3.0
122,0.0,0.0,6.0,27.0,14.0,3.0,1.0,0.0,0.0,2.0,0.0,3.0,0.0,0.0,3.0,2.0,3.0
123,0.0,0.0,6.0,35.0,23.0,3.0,1.0,0.0,0.0,3.0,0.0,3.0,0.0,2.0,3.0,3.0,3.0
124,0.0,0.0,7.0,21.0,24.0,5.0,3.0,0.0,0.0,3.0,0.0,3.0,1.0,0.0,3.0,1.0,3.0
125,0.0,0.0,7.0,13.0,19.0,3.0,1.0,0.0,0.0,4.0,0.0,7.0,0.0,0.0,3.0,10.0,3.0
126,0.0,0.0,7.0,30.0,16.0,3.0,1.0,0.0,0.0,1.0,0.0,3.0,0.0,0.0,6.0,2.0,5.0
127,0.0,1.0,8.0,29.0,19.0,12.0,2.0,0.0,0.0,1.0,0.0,6.0,0.0,0.0,7.0,0.0,4.0
128,0.0,0.0,7.0,22.0,18.0,3.0,1.0,0.0,0.0,0.0,0.0,3.0,1.0,0.0,5.0,1.0,3.0
129,0.0,0.0,5.0,14.0,20.0,6.0,0.0,0.0,0.0,7.0,0.0,3.0,1.0,0.0,4.0,2.0,3.0
130,0.0,0.0,8.0,8.0,22.0,3.0,0.0,0.0,0.0,3.0,0.0,3.0,0.0,0.0,3.0,0.0,3.0
131,3.0,0.0,6.0,19.0,21.0,3.0,0.0,0.0,0.0,0.0,0.0,2.0,0.0,0.0,2.0,2.0,2.0
132,0.0,0.0,8.0,18.0,27.0,3.0,1.0,0.0,0.0,0.0,0.0,4.0,0.0,0.0,3.0,0.0,2.0
133,0.0,0.0,6.0,23.0,19.0,2.0,0.0,0.0,0.0,2.0,0.0,3.0,0.0,0.0,2.0,2.0,3.0
134,0.0,0.0,6.0,15.0,17.0,4.0,1.0,0.0,0.0,2.0,0.0,2.0,0.0,2.0,3.0,1.0,2.0
135,0.0,0.0,9.0,31.0,36.0,2.0,2.0,0.0,0.0,2.0,0.0,2.0,0.0,0.0,3.0,0.0,2.0
136,0.0,0.0,10.0,12.0,27.0,4.0,1.0,0.0,0.0,4.0,0.0,3.0,0.0,0.0,4.0,1.0,3.0
137,0.0,0.0,6.0,18.0,21.0,5.0,0.0,0.0,0.0,2.0,0.0,3.0,1.0,0.0,4.0,0.0,4.0
138,0.0,0.0,6.0,52.0,20.0,5.0,1.0,0.0,0.0,0.0,0.0,2.0,0.0,0.0,5.0,1.0,2.0
139,0.0,0.0,7.0,25.0,23.0,10.0,6.0,0.0,0.0,0.0,0.0,3.0,0.0,0.0,4.0,0.0,2.0
140,0.0,0.0,7.0,17.0,25.0,2.0,0.0,0.0,0.0,0.0,0.0,2.0,0.0,0.0,3.0,2.0,2.0
141,0.0,0.0,7.0,14.0,20.0,5.0,1.0,0.0,0.0,0.0,0.0,3.0,0.0,0.0,7.0,0.0,3.0
142,0.0,0.0,7.0,23.0,24.0,9.0,4.0,0.0,0.0,0.0,0.0,2.0,0.0,0.0,2.0,0.0,2.0
143,0.0,0.0,5.0,14.0,21.0,3.0,2.0,0.0,0.0,0.0,0.0,2.0,0.0,0.0,2.0,0.0,2.0
144,0.0,0.0,6.0,16.0,23.0,3.0,1.0,0.0,0.0,0.0,0.0,2.0,0.0,0.0,3.0,0.0,2.0
145,0.0,0.0,3.0,13.0,25.0,3.0,0.0,0.0,0.0,0.0,0.0,2.0,0.0,0.0,4.0,2.0,2.0
146,0.0,0.0,3.0,17.0,27.0,4.0,1.0,0.0,0.0,0.0,0.0,3.0,0.0,0.0,3.0,1.0,3.0
147,0.0,0.0,3.0,21.0,22.0,7.0,1.0,0.0,0.0,0.0,0.0,3.0,1.0,0.0,5.0,0.0,3.0
148,0.0,0.0,3.0,25.0,29.0,5.0,1.0,0.0,0.0,0.0,0.0,3.0,0.0,0.0,3.0,2.0,4.0
149,0.0,0.0,4.0,19.0,23.0,3.0,0.0,0.0,0.0,0.0,0.0,3.0,0.0,0.0,3.0,0.0,3.0
150,0.0,0.0,3.0,34.0,17.0,5.0,1.0,0.0,0.0,0.0,0.0,3.0,0.0,0.0,3.0,0.0,4.0
151,0.0,0.0,4.0,26.0,21.0,3.0,1.0,0.0,0.0,2.0,0.0,3.0,0.0,0.0,7.0,0.0,5.0
152,0.0,0.0,3.0,25.0,21.0,3.0,1.0,0.0,0.0,0.0,0.0,3.0,0.0,0.0,5.0,2.0,5.0
153,0.0,0.0,5.0,22.0,19.0,6.0,3.0,0.0,0.0,1.0,0.0,3.0,0.0,0.0,5.0,3.0,3.0
154,0.0,0.0,3.0,24.0,20.0,3.0,2.0,0.0,0.0,0.0,0.0,3.0,0.0,0.0,5.0,0.0,7.0
155,2.0,0.0,4.0,23.0,17.0,4.0,0.0,0.0,0.0,2.0,0.0,3.0,0.0,0.0,4.0,0.0,3.0
156,0.0,0.0,6.0,16.0,17.0,3.0,1.0,0.0,0.0,2.0,0.0,3.0,0.0,0.0,6.0,0.0,3.0
157,0.0,0.0,6.0,13.0,21.0,7.0,2.0,0.0,0.0,0.0,0.0,3.0,1.0,0.0,7.0,1.0,3.0
158,0.0,0.0,6.0,27.0,21.0,9.0,5.0,0.0,0.0,2.0,0.0,5.0,1.0,0.0,7.0,0.0,5.0
159,0.0,0.0,4.0,24.0,20.0,8.0,2.0,0.0,0.0,0.0,0.0,5.0,0.0,0.0,7.0,1.0,7.0
160,0.0,0.0,5.0,19.0,24.0,8.0,0.0,0.0,0.0,0.0,0.0,5.0,0.0,0.0,5.0,1.0,5.0
161,0.0,0.0,4.0,20.0,18.0,5.0,0.0,0.0,0.0,0.0,0.0,8.0,0.0,0.0,5.0,0.0,6.0
162,0.0,0.0,6.0,27.0,17.0,9.0,2.0,0.0,0.0,0.0,0.0,6.0,0.0,0.0,5.0,2.0,5.0
163,0.0,0.0,4.0,16.0,22.0,5.0,0.0,0.0,0.0,0.0,0.0,6.0,0.0,0.0,6.0,5.0,5.0
164,0.0,0.0,4.0,10.0,16.0,7.0,0.0,0.0,0.0,0.0,0.0,5.0,0.0,0.0,6.0,2.0,6.0
165,0.0,0.0,4.0,26.0,16.0,5.0,1.0,0.0,0.0,0.0,0.0,5.0,0.0,0.0,5.0,1.0,5.0
166,0.0,0.0,5.0,24.0,21.0,10.0,2.0,0.0,0.0,0.0,0.0,5.0,0.0,0.0,6.0,0.0,5.0
167,1.0,0.0,5.0,33.0,23.0,6.0,0.0,0.0,0.0,0.0,0.0,5.0,0.0,0.0,6.0,0.0,5.0
168,0.0,0.0,6.0,33.0,22.0,7.0,2.0,0.0,0.0,0.0,0.0,5.0,0.0,0.0,5.0,0.0,5.0
169,0.0,0.0,4.0,40.0,22.0,5.0,1.0,0.0,0.0,0.0,0.0,5.0,0.0,0.0,5.0,0.0,5.0
170,0.0,0.0,4.0,20.0,23.0,7.0,0.0,0.0,0.0,2.0,0.0,5.0,0.0,0.0,5.0,0.0,5.0
171,0.0,0.0,5.0,24.0,25.0,5.0,0.0,0.0,0.0,2.0,0.0,5.0,0.0,0.0,6.0,0.0,5.0
172,0.0,0.0,5.0,19.0,20.0,5.0,2.0,0.0,0.0,0.0,0.0,5.0,0.0,0.0,5.0,2.0,5.0
173,0.0,2.0,5.0,30.0,27.0,11.0,3.0,0.0,0.0,0.0,0.0,5.0,0.0,0.0,8.0,0.0,5.0
174,1.0,0.0,5.0,14.0,27.0,5.0,0.0,0.0,0.0,0.0,0.0,6.0,0.0,0.0,5.0,0.0,5.0
175,1.0,0.0,5.0,22.0,28.0,5.0,1.0,0.0,0.0,1.0,1.0,5.0,1.0,0.0,7.0,3.0,5.0
176,0.0,0.0,4.0,17.0,26.0,7.0,0.0,0.0,0.0,0.0,0.0,5.0,0.0,0.0,5.0,1.0,5.0
177,0.0,0.0,6.0,19.0,24.0,7.0,1.0,0.0,0.0,0.0,0.0,5.0,0.0,0.0,5.0,0.0,5.0
178,0.0,0.0,5.0,19.0,24.0,5.0,0.0,0.0,0.0,0.0,0.0,5.0,0.0,0.0,5.0,2.0,6.0
179,0.0,0.0,4.0,35.0,22.0,5.0,0.0,0.0,0.0,0.0,0.0,5.0,0.0,0.0,5.0,1.0,5.0
180,0.0,0.0,3.0,24.0,26.0,8.0,3.0,0.0,0.0,0.0,0.0,5.0,0.0,0.0,6.0,0.0,5.0
181,2.0,0.0,3.0,39.0,25.0,6.0,4.0,0.0,0.0,0.0,0.0,5.0,0.0,0.0,6.0,4.0,7.0
182,1.0,0.0,6.0,28.0,17.0,7.0,1.0,0.0,0.0,2.0,0.0,5.0,0.0,0.0,5.0,0.0,5.0
183,0.0,0.0,6.0,30.0,20.0,5.0,3.0,0.0,0.0,1.0,0.0,5.0,0.0,0.0,10.0,0.0,5.0
184,1.0,0.0,3.0,35.0,18.0,6.0,1.0,0.0,0.0,1.0,0.0,5.0,1.0,0.0,6.0,1.0,5.0
185,0.0,0.0,6.0,28.0,24.0,5.0,0.0,0.0,0.0,2.0,0.0,5.0,0.0,0.0,5.0,1.0,5.0
186,0.0,0.0,5.0,21.0,20.0,6.0,1.0,0.0,0.0,4.0,0.0,5.0,1.0,0.0,6.0,0.0,5.0
187,0.0,0.0,5.0,20.0,17.0,7.0,4.0,0.0,0.0,1.0,0.0,5.0,1.0,1.0,5.0,0.0,6.0
188,0.0,0.0,6.0,29.0,19.0,6.0,0.0,0.0,0.0,1.0,0.0,5.0,0.0,0.0,7.0,0.0,5.0
189,0.0,0.0,7.0,30.0,17.0,5.0,0.0,0.0,0.0,1.0,0.0,5.0,0.0,0.0,6.0,1.0,5.0
190,0.0,0.0,6.0,30.0,19.0,8.0,5.0,0.0,0.0,2.0,0.0,5.0,1.0,0.0,6.0,0.0,5.0
191,0.0,0.0,8.0,40.0,17.0,5.0,0.0,0.0,0.0,1.0,0.0,5.0,0.0,0.0,7.0,2.0,5.0
192,0.0,0.0,4.0,42.0,17.0,5.0,1.0,0.0,0.0,3.0,0.0,5.0,0.0,0.0,5.0,0.0,5.0
193,0.0,0.0,6.0,28.0,18.0,10.0,5.0,0.0,0.0,1.0,0.0,5.0,0.0,0.0,10.0,0.0,5.0
194,1.0,0.0,5.0,35.0,21.0,5.0,2.0,0.0,0.0,1.0,0.0,5.0,1.0,0.0,5.0,0.0,5.0
195,1.0,0.0,5.0,35.0,25.0,6.0,0.0,0.0,0.0,1.0,0.0,6.0,0.0,0.0,5.0,2.0,5.0
196,0.0,0.0,6.0,36.0,20.0,6.0,3.0,0.0,0.0,0.0,0.0,5.0,0.0,0.0,6.0,1.0,5.0
197,0.0,0.0,5.0,37.0,20.0,5.0,1.0,0.0,0.0,1.0,0.0,5.0,0.0,0.0,8.0,1.0,6.0
198,0.0,0.0,4.0,30.0,23.0,6.0,2.0,0.0,0.0,0.0,0.0,5.0,0.0,0.0,5.0,0.0,5.0
199,0.0,0.0,4.0,40.0,23.0,5.0,1.0,0.0,0.0,1.0,0.0,5.0,0.0,0.0,6.0,3.0,6.0
200,0.0,0.0,5.0,37.0,24.0,5.0,3.0,0.0,0.0,2.0,0.0,5.0,0.0,0.0,5.0,2.0,5.0
201,1.0,0.0,6.0,36.0,22.0,5.0,0.0,0.0,0.0,2.0,0.0,5.0,0.0,0.0,5.0,0.0,5.0
202,0.0,0.0,5.0,31.0,23.0,6.0,2.0,0.0,0.0,0.0,0.0,5.0,0.0,0.0,7.0,2.0,5.0
203,2.0,0.0,7.0,39.0,24.0,5.0,1.0,0.0,0.0,2.0,0.0,10.0,0.0,0.0,5.0,1.0,5.0
204,0.0,0.0,8.0,36.0,20.0,5.0,5.0,0.0,0.0,1.0,0.0,7.0,0.0,0.0,8.0,0.0,5.0
205,1.0,0.0,5.0,34.0,24.0,9.0,2.0,0.0,0.0,2.0,0.0,5.0,0.0,0.0,5.0,0.0,5.0
206,0.0,0.0,7.0,39.0,29.0,5.0,2.0,0.0,0.0,2.0,0.0,5.0,0.0,0.0,7.0,4.0,5.0
207,0.0,0.0,6.0,21.0,22.0,9.0,2.0,0.0,0.0,2.0,0.0,5.0,0.0,0.0,6.0,0.0,5.0
208,0.0,0.0,5.0,29.0,29.0,6.0,3.0,0.0,0.0,3.0,0.0,5.0,0.0,0.0,11.0,1.0,6.0
209,0.0,0.0,7.0,26.0,26.0,5.0,0.0,0.0,0.0,4.0,0.0,5.0,0.0,0.0,5.0,2.0,5.0
210,0.0,0.0,8.0,22.0,24.0,8.0,2.0,0.0,0.0,4.0,0.0,5.0,0.0,2.0,9.0,0.0,6.0
211,0.0,0.0,5.0,34.0,23.0,5.0,0.0,0.0,0.0,3.0,0.0,6.0,0.0,2.0,5.0,0.0,6.0
212,0.0,0.0,7.0,32.0,27.0,6.0,1.0,0.0,0.0,1.0,0.0,6.0,0.0,2.0,5.0,4.0,5.0
213,0.0,0.0,11.0,39.0,22.0,8.0,1.0,0.0,0.0,1.0,0.0,5.0,0.0,2.0,6.0,1.0,5.0
214,0.0,0.0,8.0,39.0,26.0,9.0,3.0,0.0,0.0,1.0,0.0,5.0,0.0,0.0,9.0,0.0,9.0
215,0.0,0.0,8.0,23.0,25.0,5.0,0.0,0.0,0.0,3.0,0.0,5.0,0.0,0.0,5.0,0.0,5.0
216,1.0,0.0,8.0,30.0,25.0,5.0,1.0,0.0,0.0,1.0,0.0,5.0,1.0,0.0,5.0,2.0,5.0
217,0.0,0.0,7.0,23.0,20.0,10.0,2.0,0.0,0.0,2.0,0.0,5.0,0.0,0.0,8.0,3.0,5.0
218,0.0,0.0,8.0,18.0,21.0,9.0,1.0,0.0,0.0,2.0,0.0,5.0,0.0,1.0,5.0,0.0,5.0
219,0.0,0.0,7.0,29.0,27.0,5.0,1.0,0.0,0.0,5.0,0.0,5.0,0.0,0.0,5.0,1.0,7.0
220,0.0,0.0,7.0,29.0,27.0,6.0,1.0,0.0,0.0,2.0,0.0,5.0,0.0,1.0,6.0,1.0,5.0
221,0.0,2.0,7.0,25.0,23.0,6.0,4.0,0.0,0.0,2.0,0.0,5.0,1.0,0.0,5.0,0.0,6.0
222,0.0,0.0,4.0,29.0,26.0,5.0,1.0,0.0,0.0,2.0,0.0,5.0,0.0,1.0,6.0,1.0,5.0
223,0.0,0.0,4.0,19.0,25.0,7.0,0.0,0.0,0.0,3.0,0.0,6.0,1.0,0.0,5.0,0.0,5.0
224,0.0,0.0,5.0,27.0,26.0,6.0,1.0,0.0,0.0,3.0,0.0,5.0,1.0,0.0,7.0,3.0,5.0
225,0.0,0.0,5.0,28.0,25.0,6.0,0.0,0.0,0.0,2.0,0.0,5.0,1.0,0.0,6.0,0.0,5.0
226,0.0,0.0,4.0,26.0,24.0,6.0,1.0,0.0,0.0,2.0,0.0,5.0,0.0,0.0,5.0,0.0,6.0
227,1.0,0.0,4.0,29.0,27.0,7.0,1.0,0.0,0.0,3.0,0.0,5.0,0.0,0.0,7.0,0.0,5.0
228,0.0,0.0,5.0,27.0,27.0,7.0,3.0,0.0,0.0,3.0,0.0,5.0,0.0,0.0,8.0,2.0,5.0
229,0.0,0.0,7.0,28.0,31.0,7.0,1.0,0.0,0.0,4.0,0.0,5.0,0.0,0.0,10.0,0.0,5.0
230,0.0,0.0,4.0,17.0,31.0,5.0,1.0,0.0,0.0,2.0,0.0,5.0,0.0,0.0,7.0,2.0,5.0
231,0.0,0.0,6.0,24.0,28.0,5.0,1.0,0.0,0.0,2.0,0.0,4.0,0.0,2.0,5.0,1.0,4.0
232,0.0,0.0,4.0,21.0,31.0,5.0,1.0,0.0,0.0,4.0,0.0,4.0,1.0,0.0,6.0,1.0,4.0
233,0.0,0.0,4.0,35.0,35.0,4.0,0.0,0.0,0.0,2.0,0.0,4.0,1.0,0.0,4.0,1.0,4.0
234,0.0,0.0,5.0,29.0,30.0,7.0,3.0,0.0,0.0,3.0,0.0,4.0,0.0,0.0,5.0,0.0,4.0
235,0.0,0.0,4.0,43.0,25.0,4.0,2.0,0.0,0.0,3.0,0.0,4.0,0.0,0.0,4.0,1.0,4.0
236,0.0,0.0,5.0,31.0,26.0,8.0,3.0,0.0,0.0,4.0,0.0,4.0,0.0,0.0,5.0,8.0,4.0
237,1.0,0.0,6.0,41.0,25.0,4.0,1.0,0.0,0.0,3.0,0.0,6.0,0.0,0.0,4.0,2.0,4.0
238,0.0,1.0,4.0,40.0,24.0,6.0,3.0,0.0,0.0,3.0,0.0,6.0,0.0,0.0,5.0,2.0,6.0
239,0.0,0.0,5.0,39.0,31.0,7.0,2.0,0.0,0.0,2.0,0.0,4.0,0.0,0.0,8.0,1.0,4.0
240,0.0,0.0,8.0,39.0,25.0,8.0,4.0,0.0,0.0,2.0,0.0,4.0,1.0,0.0,8.0,1.0,4.0
241,0.0,1.0,6.0,30.0,27.0,4.0,0.0,0.0,0.0,3.0,0.0,4.0,1.0,0.0,7.0,2.0,5.0
242,0.0,0.0,5.0,25.0,27.0,8.0,3.0,0.0,0.0,5.0,0.0,4.0,2.0,1.0,10.0,4.0,4.0
243,0.0,0.0,7.0,34.0,25.0,5.0,3.0,0.0,0.0,4.0,0.0,4.0,1.0,0.0,4.0,1.0,4.0
244,0.0,0.0,4.0,33.0,23.0,8.0,2.0,0.0,0.0,2.0,0.0,4.0,1.0,0.0,5.0,0.0,5.0
245,0.0,0.0,4.0,45.0,30.0,4.0,2.0,0.0,0.0,2.0,0.0,4.0,0.0,0.0,4.0,3.0,4.0
246,0.0,0.0,5.0,39.0,29.0,6.0,1.0,0.0,0.0,2.0,0.0,2.0,0.0,0.0,5.0,2.0,4.0
247,0.0,0.0,6.0,43.0,29.0,5.0,2.0,0.0,0.0,2.0,0.0,2.0,0.0,0.0,4.0,0.0,5.0
248,0.0,0.0,5.0,37.0,28.0,5.0,0.0,0.0,0.0,2.0,0.0,2.0,0.0,0.0,4.0,0.0,2.0
249,0.0,0.0,4.0,39.0,25.0,2.0,3.0,0.0,0.0,2.0,0.0,2.0,0.0,0.0,3.0,2.0,2.0
250,0.0,0.0,4.0,41.0,23.0,2.0,0.0,0.0,0.0,2.0,0.0,2.0,0.0,0.0,3.0,1.0,2.0
251,0.0,0.0,5.0,34.0,26.0,7.0,4.0,0.0,0.0,2.0,0.0,2.0,0.0,0.0,2.0,1.0,4.0
252,0.0,0.0,5.0,35.0,23.0,3.0,1.0,0.0,0.0,2.0,0.0,2.0,0.0,0.0,4.0,3.0,2.0
253,0.0,0.0,8.0,28.0,23.0,2.0,1.0,0.0,0.0,3.0,0.0,2.0,0.0,0.0,2.0,1.0,2.0
254,0.0,2.0,5.0,34.0,27.0,5.0,2.0,0.0,0.0,2.0,0.0,2.0,0.0,0.0,4.0,1.0,4.0
255,1.0,0.0,6.0,35.0,27.0,7.0,1.0,0.0,0.0,3.0,0.0,4.0,0.0,0.0,4.0,0.0,2.0
256,0.0,0.0,9.0,28.0,26.0,7.0,1.0,0.0,0.0,1.0,0.0,2.0,0.0,1.0,6.0,2.0,3.0
257,0.0,2.0,6.0,30.0,26.0,2.0,1.0,0.0,0.0,3.0,0.0,2.0,0.0,1.0,2.0,3.0,3.0
258,1.0,0.0,5.0,34.0,29.0,2.0,2.0,0.0,0.0,2.0,0.0,2.0,0.0,0.0,3.0,0.0,3.0
259,0.0,0.0,4.0,25.0,32.0,4.0,3.0,0.0,0.0,3.0,0.0,2.0,0.0,0.0,3.0,6.0,2.0
260,1.0,0.0,7.0,20.0,24.0,2.0,0.0,0.0,0.0,6.0,0.0,2.0,0.0,0.0,2.0,3.0,2.0
261,0.0,0.0,5.0,27.0,25.0,2.0,5.0,0.0,0.0,2.0,0.0,3.0,0.0,0.0,2.0,2.0,3.0
262,2.0,0.0,5.0,23.0,21.0,7.0,1.0,0.0,0.0,2.0,0.0,2.0,0.0,0.0,5.0,1.0,2.0
263,0.0,0.0,5.0,22.0,27.0,2.0,2.0,0.0,0.0,2.0,0.0,2.0,0.0,0.0,2.0,1.0,2.0
264,0.0,0.0,5.0,28.0,25.0,8.0,5.0,0.0,0.0,2.0,0.0,2.0,0.0,0.0,5.0,0.0,2.0
265,0.0,0.0,4.0,37.0,24.0,4.0,3.0,0.0,0.0,3.0,0.0,2.0,0.0,0.0,5.0,3.0,2.0
266,0.0,0.0,9.0,24.0,22.0,5.0,0.0,0.0,0.0,7.0,0.0,2.0,0.0,0.0,4.0,0.0,2.0
267,0.0,0.0,7.0,26.0,22.0,6.0,7.0,0.0,0.0,5.0,0.0,2.0,0.0,0.0,2.0,0.0,4.0
268,0.0,0.0,8.0,22.0,20.0,2.0,2.0,0.0,0.0,4.0,0.0,2.0,1.0,1.0,3.0,2.0,4.0
269,0.0,0.0,8.0,32.0,20.0,7.0,3.0,0.0,0.0,3.0,0.0,2.0,0.0,0.0,2.0,1.0,4.0
270,0.0,0.0,7.0,21.0,21.0,2.0,1.0,0.0,0.0,3.0,0.0,2.0,0.0,0.0,2.0,0.0,3.0
271,0.0,0.0,6.0,22.0,25.0,4.0,2.0,0.0,0.0,2.0,0.0,2.0,0.0,0.0,4.0,3.0,2.0
272,0.0,0.0,9.0,19.0,19.0,2.0,1.0,0.0,0.0,2.0,0.0,2.0,0.0,0.0,4.0,1.0,2.0
273,0.0,0.0,7.0,23.0,18.0,2.0,1.0,0.0,0.0,5.0,0.0,2.0,1.0,1.0,3.0,0.0,2.0
274,0.0,0.0,11.0,23.0,22.0,4.0,4.0,0.0,0.0,5.0,0.0,2.0,0.0,0.0,2.0,0.0,2.0
275,0.0,0.0,5.0,23.0,29.0,2.0,2.0,0.0,0.0,3.0,0.0,2.0,0.0,0.0,2.0,1.0,6.0
276,0.0,0.0,6.0,34.0,25.0,2.0,1.0,0.0,0.0,1.0,0.0,2.0,1.0,0.0,3.0,0.0,2.0
277,2.0,0.0,7.0,29.0,27.0,3.0,1.0,0.0,0.0,5.0,0.0,2.0,1.0,0.0,3.0,0.0,2.0
278,0.0,0.0,7.0,18.0,30.0,7.0,3.0,0.0,0.0,2.0,0.0,2.0,0.0,0.0,5.0,4.0,3.0
279,0.0,0.0,7.0,35.0,22.0,10.0,4.0,0.0,0.0,1.0,0.0,2.0,0.0,0.0,2.0,0.0,3.0
280,0.0,0.0,8.0,21.0,30.0,6.0,0.0,0.0,0.0,3.0,0.0,2.0,0.0,0.0,2.0,0.0,3.0
281,0.0,0.0,7.0,26.0,28.0,8.0,3.0,0.0,0.0,1.0,0.0,3.0,0.0,0.0,5.0,4.0,4.0
282,0.0,0.0,9.0,29.0,22.0,7.0,3.0,0.0,0.0,2.0,0.0,2.0,0.0,0.0,5.0,0.0,4.0
283,0.0,0.0,5.0,26.0,25.0,3.0,2.0,0.0,0.0,2.0,0.0,2.0,0.0,0.0,3.0,2.0,4.0
284,0.0,0.0,8.0,28.0,24.0,4.0,3.0,0.0,0.0,1.0,0.0,4.0,1.0,1.0,4.0,1.0,3.0
285,0.0,0.0,7.0,25.0,26.0,3.0,4.0,0.0,0.0,4.0,0.0,3.0,0.0,0.0,3.0,1.0,4.0
286,0.0,0.0,9.0,30.0,22.0,9.0,1.0,0.0,0.0,2.0,0.0,3.0,0.0,0.0,4.0,1.0,4.0
287,2.0,0.0,8.0,36.0,27.0,13.0,3.0,0.0,0.0,1.0,0.0,5.0,0.0,0.0,3.0,1.0,6.0
288,0.0,0.0,8.0,34.0,25.0,14.0,4.0,0.0,0.0,2.0,0.0,4.0,0.0,0.0,4.0,0.0,6.0
289,0.0,0.0,8.0,47.0,28.0,10.0,2.0,0.0,0.0,1.0,0.0,4.0,0.0,0.0,4.0,3.0,5.0
290,0.0,0.0,11.0,37.0,30.0,8.0,0.0,0.0,0.0,2.0,0.0,4.0,0.0,0.0,4.0,4.0,5.0
291,0.0,0.0,10.0,32.0,27.0,5.0,5.0,0.0,0.0,3.0,0.0,4.0,0.0,0.0,6.0,2.0,5.0
292,0.0,0.0,8.0,18.0,27.0,4.0,1.0,0.0,0.0,1.0,0.0,4.0,0.0,0.0,7.0,0.0,7.0
293,0.0,0.0,8.0,23.0,25.0,4.0,1.0,0.0,0.0,2.0,0.0,4.0,0.0,0.0,5.0,0.0,4.0
294,0.0,0.0,13.0,11.0,27.0,4.0,0.0,0.0,0.0,1.0,0.0,4.0,0.0,0.0,5.0,3.0,4.0
295,0.0,0.0,15.0,29.0,29.0,10.0,3.0,0.0,0.0,1.0,0.0,4.0,0.0,0.0,5.0,0.0,6.0
296,0.0,0.0,16.0,19.0,28.0,13.0,3.0,0.0,0.0,1.0,0.0,4.0,0.0,0.0,7.0,3.0,5.0
297,0.0,0.0,17.0,22.0,25.0,5.0,2.0,0.0,0.0,1.0,0.0,3.0,0.0,2.0,4.0,2.0,3.0
298,0.0,0.0,16.0,23.0,25.0,3.0,1.0,0.0,0.0,3.0,0.0,3.0,0.0,0.0,5.0,2.0,4.0
299,1.0,1.0,17.0,33.0,23.0,4.0,2.0,0.0,0.0,4.0,0.0,4.0,0.0,2.0,5.0,1.0,5.0
300,0.0,0.0,19.0,24.0,27.0,7.0,0.0,0.0,0.0,2.0,0.0,4.0,1.0,0.0,7.0,4.0,4.0
301,0.0,0.0,15.0,36.0,29.0,5.0,3.0,0.0,0.0,2.0,0.0,4.0,0.0,2.0,5.0,0.0,4.0
302,0.0,0.0,15.0,33.0,31.0,7.0,1.0,0.0,0.0,1.0,0.0,5.0,0.0,0.0,8.0,4.0,4.0
303,0.0,0.0,16.0,28.0,31.0,5.0,2.0,0.0,0.0,1.0,0.0,5.0,1.0,3.0,6.0,1.0,5.0
304,0.0,0.0,17.0,29.0,26.0,5.0,2.0,0.0,0.0,2.0,0.0,4.0,0.0,0.0,6.0,2.0,4.0
305,0.0,0.0,15.0,29.0,24.0,4.0,3.0,0.0,0.0,2.0,0.0,5.0,0.0,2.0,5.0,0.0,5.0
306,0.0,0.0,14.0,22.0,27.0,7.0,2.0,0.0,0.0,2.0,0.0,4.0,0.0,0.0,5.0,3.0,3.0
307,0.0,0.0,16.0,30.0,29.0,4.0,2.0,0.0,0.0,1.0,0.0,3.0,0.0,2.0,3.0,1.0,3.0
308,0.0,0.0,14.0,18.0,24.0,6.0,3.0,0.0,0.0,4.0,0.0,3.0,1.0,0.0,4.0,5.0,3.0
309,0.0,0.0,13.0,26.0,23.0,3.0,3.0,0.0,0.0,2.0,0.0,3.0,0.0,2.0,5.0,0.0,4.0
310,0.0,0.0,13.0,31.0,26.0,5.0,2.0,0.0,0.0,2.0,0.0,3.0,0.0,0.0,3.0,3.0,3.0
311,0.0,0.0,15.0,27.0,23.0,10.0,6.0,0.0,0.0,2.0,0.0,4.0,1.0,2.0,7.0,0.0,4.0
312,0.0,0.0,17.0,14.0,24.0,6.0,1.0,0.0,0.0,4.0,0.0,3.0,1.0,0.0,5.0,2.0,4.0
313,0.0,0.0,15.0,20.0,24.0,4.0,1.0,0.0,0.0,5.0,0.0,3.0,0.0,2.0,6.0,0.0,5.0
314,0.0,0.0,16.0,20.0,24.0,4.0,2.0,0.0,0.0,4.0,0.0,3.0,0.0,0.0,4.0,3.0,4.0
315,1.0,0.0,14.0,27.0,23.0,4.0,3.0,0.0,0.0,7.0,0.0,3.0,1.0,2.0,4.0,0.0,4.0
316,0.0,0.0,14.0,15.0,23.0,5.0,0.0,0.0,0.0,4.0,0.0,3.0,0.0,0.0,4.0,3.0,4.0
317,0.0,0.0,15.0,28.0,23.0,4.0,4.0,0.0,0.0,4.0,0.0,3.0,0.0,2.0,4.0,1.0,5.0
318,0.0,0.0,15.0,20.0,26.0,15.0,3.0,0.0,0.0,5.0,0.0,2.0,0.0,0.0,6.0,2.0,6.0
319,0.0,0.0,14.0,25.0,22.0,12.0,2.0,0.0,0.0,4.0,0.0,2.0,0.0,2.0,5.0,1.0,6.0
320,0.0,0.0,15.0,26.0,23.0,13.0,0.0,0.0,0.0,2.0,0.0,2.0,0.0,0.0,5.0,2.0,7.0
321,0.0,0.0,14.0,39.0,21.0,13.0,3.0,0.0,0.0,3.0,0.0,2.0,0.0,2.0,4.0,0.0,6.0
322,0.0,0.0,12.0,33.0,24.0,14.0,3.0,0.0,0.0,2.0,0.0,2.0,0.0,0.0,4.0,3.0,6.0
323,0.0,0.0,13.0,38.0,26.0,5.0,1.0,0.0,0.0,2.0,0.0,2.0,0.0,2.0,5.0,1.0,3.0
324,1.0,0.0,14.0,27.0,20.0,3.0,1.0,0.0,0.0,3.0,0.0,2.0,0.0,0.0,4.0,2.0,3.0
325,0.0,0.0,12.0,30.0,23.0,5.0,0.0,0.0,0.0,3.0,0.0,4.0,0.0,2.0,5.0,1.0,5.0
326,0.0,0.0,14.0,32.0,20.0,3.0,6.0,0.0,0.0,2.0,0.0,2.0,0.0,0.0,4.0,2.0,3.0
327,0.0,0.0,12.0,20.0,24.0,6.0,3.0,0.0,0.0,3.0,0.0,2.0,0.0,2.0,5.0,0.0,3.0
328,0.0,0.0,13.0,28.0,24.0,4.0,2.0,0.0,0.0,3.0,0.0,2.0,0.0,0.0,7.0,6.0,3.0
329,0.0,0.0,13.0,26.0,24.0,4.0,0.0,0.0,0.0,3.0,0.0,3.0,0.0,2.0,5.0,2.0,4.0
330,1.0,0.0,13.0,31.0,25.0,8.0,4.0,0.0,0.0,3.0,0.0,3.0,0.0,0.0,5.0,3.0,4.0
331,0.0,1.0,12.0,23.0,21.0,8.0,4.0,0.0,0.0,4.0,0.0,3.0,0.0,2.0,8.0,0.0,6.0
332,0.0,0.0,12.0,26.0,24.0,7.0,2.0,0.0,0.0,5.0,0.0,3.0,0.0,0.0,6.0,2.0,4.0
333,0.0,0.0,13.0,20.0,20.0,5.0,0.0,0.0,0.0,5.0,0.0,3.0,0.0,2.0,6.0,1.0,4.0
334,0.0,0.0,13.0,26.0,19.0,5.0,3.0,0.0,0.0,5.0,0.0,4.0,0.0,0.0,6.0,3.0,5.0
335,0.0,0.0,11.0,16.0,24.0,5.0,1.0,0.0,0.0,5.0,0.0,3.0,0.0,2.0,6.0,1.0,4.0
336,0.0,0.0,12.0,28.0,25.0,6.0,4.0,0.0,0.0,4.0,0.0,3.0,0.0,0.0,5.0,2.0,4.0
337,1.0,0.0,12.0,20.0,24.0,7.0,0.0,0.0,0.0,3.0,0.0,3.0,0.0,2.0,5.0,3.0,5.0
338,0.0,0.0,13.0,34.0,21.0,4.0,2.0,0.0,0.0,3.0,0.0,3.0,0.0,0.0,4.0,3.0,5.0
339,0.0,0.0,13.0,35.0,25.0,4.0,1.0,0.0,0.0,4.0,0.0,3.0,0.0,2.0,6.0,0.0,5.0
340,0.0,0.0,12.0,29.0,22.0,4.0,0.0,0.0,0.0,4.0,0.0,3.0,0.0,0.0,4.0,4.0,5.0
341,0.0,0.0,12.0,35.0,22.0,5.0,0.0,0.0,0.0,2.0,0.0,3.0,0.0,1.0,5.0,0.0,4.0
342,1.0,0.0,11.0,25.0,21.0,4.0,4.0,0.0,0.0,3.0,0.0,3.0,0.0,0.0,5.0,1.0,4.0
343,0.0,0.0,12.0,32.0,25.0,10.0,2.0,0.0,0.0,2.0,0.0,3.0,0.0,1.0,5.0,5.0,5.0
344,0.0,0.0,10.0,29.0,24.0,11.0,7.0,0.0,0.0,4.0,0.0,3.0,0.0,2.0,4.0,1.0,5.0
345,0.0,0.0,11.0,27.0,22.0,8.0,2.0,0.0,0.0,4.0,0.0,3.0,0.0,1.0,5.0,1.0,5.0
346,0.0,0.0,12.0,30.0,22.0,8.0,2.0,0.0,0.0,4.0,0.0,4.0,0.0,0.0,4.0,1.0,5.0
347,0.0,0.0,10.0,30.0,26.0,8.0,2.0,0.0,0.0,3.0,0.0,3.0,0.0,1.0,4.0,1.0,4.0
348,0.0,0.0,11.0,29.0,24.0,7.0,3.0,0.0,0.0,2.0,0.0,3.0,0.0,0.0,4.0,2.0,3.0
349,0.0,1.0,10.0,30.0,26.0,5.0,1.0,0.0,0.0,4.0,0.0,3.0,0.0,1.0,5.0,0.0,3.0
350,0.0,1.0,9.0,20.0,28.0,3.0,2.0,0.0,0.0,2.0,0.0,3.0,0.0,0.0,4.0,2.0,4.0
351,0.0,1.0,14.0,27.0,25.0,3.0,1.0,0.0,0.0,2.0,0.0,3.0,0.0,1.0,4.0,1.0,4.0
352,0.0,1.0,12.0,26.0,26.0,4.0,2.0,0.0,0.0,2.0,0.0,3.0,0.0,0.0,5.0,2.0,3.0
353,0.0,1.0,13.0,25.0,24.0,5.0,1.0,0.0,0.0,3.0,0.0,3.0,0.0,1.0,4.0,0.0,3.0
354,1.0,1.0,15.0,31.0,24.0,4.0,3.0,0.0,0.0,3.0,0.0,4.0,0.0,0.0,4.0,3.0,4.0
355,0.0,1.0,11.0,27.0,27.0,3.0,1.0,0.0,0.0,2.0,0.0,3.0,1.0,1.0,3.0,1.0,3.0
356,0.0,1.0,11.0,24.0,26.0,5.0,1.0,0.0,0.0,5.0,0.0,3.0,0.0,0.0,5.0,4.0,3.0
357,0.0,1.0,11.0,28.0,29.0,3.0,0.0,0.0,0.0,2.0,0.0,3.0,0.0,0.0,4.0,0.0,3.0
358,0.0,1.0,9.0,30.0,28.0,3.0,2.0,0.0,0.0,2.0,0.0,3.0,0.0,0.0,3.0,4.0,4.0
359,0.0,1.0,10.0,27.0,30.0,3.0,1.0,0.0,0.0,3.0,0.0,3.0,0.0,0.0,3.0,0.0,3.0
360,0.0,1.0,9.0,40.0,26.0,4.0,3.0,0.0,0.0,2.0,0.0,3.0,0.0,0.0,4.0,1.0,4.0
361,0.0,1.0,9.0,28.0,27.0,3.0,0.0,0.0,0.0,2.0,0.0,3.0,0.0,0.0,3.0,2.0,3.0
362,0.0,1.0,10.0,25.0,30.0,3.0,3.0,0.0,0.0,4.0,0.0,3.0,0.0,0.0,3.0,2.0,3.0
363,0.0,1.0,10.0,30.0,30.0,4.0,2.0,0.0,0.0,4.0,0.0,3.0,0.0,0.0,5.0,2.0,3.0
364,0.0,1.0,11.0,21.0,28.0,3.0,2.0,0.0,0.0,6.0,0.0,3.0,0.0,0.0,4.0,2.0,3.0
365,0.0,1.0,10.0,36.0,26.0,8.0,1.0,0.0,0.0,6.0,0.0,3.0,1.0,0.0,4.0,0.0,4.0
366,0.0,1.0,11.0,26.0,28.0,4.0,3.0,0.0,0.0,4.0,0.0,3.0,1.0,0.0,5.0,4.0,3.0
367,0.0,1.0,9.0,34.0,29.0,3.0,1.0,0.0,0.0,2.0,0.0,3.0,0.0,2.0,3.0,0.0,3.0
368,0.0,1.0,9.0,31.0,30.0,3.0,1.0,0.0,0.0,2.0,0.0,3.0,0.0,0.0,4.0,0.0,3.0
369,1.0,1.0,9.0,34.0,29.0,5.0,3.0,0.0,0.0,3.0,0.0,2.0,0.0,0.0,4.0,1.0,2.0
370,1.0,1.0,10.0,32.0,30.0,6.0,3.0,0.0,0.0,2.0,0.0,2.0,0.0,0.0,3.0,3.0,2.0
371,0.0,1.0,11.0,37.0,25.0,4.0,2.0,0.0,0.0,3.0,0.0,2.0,0.0,0.0,4.0,0.0,2.0
372,0.0,1.0,10.0,30.0,27.0,2.0,2.0,0.0,0.0,3.0,0.0,2.0,0.0,0.0,2.0,1.0,3.0
373,0.0,1.0,10.0,31.0,29.0,2.0,1.0,0.0,0.0,2.0,0.0,2.0,0.0,0.0,2.0,0.0,2.0
374,0.0,2.0,14.0,31.0,27.0,5.0,4.0,0.0,0.0,5.0,0.0,2.0,0.0,0.0,4.0,0.0,2.0
375,0.0,1.0,13.0,36.0,29.0,5.0,4.0,0.0,0.0,3.0,0.0,3.0,0.0,0.0,6.0,3.0,3.0
376,0.0,1.0,13.0,24.0,26.0,6.0,4.0,0.0,0.0,4.0,0.0,4.0,0.0,0.0,4.0,0.0,3.0
377,0.0,1.0,12.0,38.0,30.0,4.0,2.0,0.0,0.0,6.0,0.0,3.0,0.0,0.0,4.0,1.0,3.0
378,1.0,1.0,11.0,37.0,26.0,4.0,2.0,0.0,0.0,4.0,0.0,3.0,0.0,0.0,4.0,1.0,3.0
379,0.0,2.0,10.0,41.0,27.0,4.0,3.0,0.0,0.0,3.0,0.0,3.0,0.0,0.0,6.0,0.0,3.0
380,1.0,1.0,10.0,36.0,27.0,4.0,3.0,0.0,0.0,2.0,0.0,3.0,0.0,0.0,4.0,1.0,2.0
381,0.0,1.0,10.0,26.0,27.0,3.0,2.0,0.0,0.0,2.0,0.0,2.0,0.0,0.0,2.0,2.0,3.0
382,0.0,1.0,10.0,38.0,27.0,3.0,1.0,0.0,0.0,4.0,0.0,2.0,0.0,1.0,5.0,0.0,2.0
383,0.0,1.0,12.0,29.0,26.0,5.0,1.0,0.0,0.0,2.0,0.0,3.0,0.0,0.0,3.0,2.0,2.0
384,0.0,1.0,12.0,26.0,27.0,3.0,2.0,0.0,0.0,4.0,0.0,2.0,0.0,0.0,2.0,0.0,2.0
385,0.0,1.0,12.0,27.0,28.0,3.0,2.0,0.0,0.0,3.0,0.0,2.0,0.0,1.0,2.0,1.0,2.0
386,0.0,1.0,11.0,25.0,26.0,7.0,2.0,0.0,0.0,3.0,0.0,6.0,0.0,1.0,4.0,0.0,3.0
387,0.0,1.0,13.0,31.0,30.0,5.0,5.0,0.0,0.0,4.0,0.0,3.0,0.0,0.0,5.0,0.0,3.0
388,0.0,1.0,13.0,28.0,29.0,5.0,3.0,0.0,0.0,3.0,0.0,3.0,0.0,0.0,3.0,2.0,3.0
389,1.0,1.0,13.0,33.0,29.0,3.0,2.0,0.0,0.0,4.0,0.0,2.0,1.0,0.0,3.0,0.0,2.0
390,0.0,1.0,11.0,30.0,29.0,6.0,3.0,0.0,0.0,3.0,0.0,2.0,0.0,0.0,2.0,1.0,2.0
391,0.0,1.0,12.0,34.0,28.0,4.0,2.0,0.0,0.0,3.0,0.0,2.0,0.0,0.0,5.0,0.0,2.0
392,1.0,1.0,12.0,21.0,30.0,4.0,1.0,0.0,0.0,2.0,0.0,4.0,0.0,0.0,3.0,3.0,2.0
393,0.0,1.0,12.0,27.0,29.0,4.0,3.0,0.0,0.0,1.0,0.0,3.0,1.0,0.0,4.0,0.0,2.0
394,4.0,1.0,12.0,29.0,29.0,7.0,3.0,0.0,0.0,3.0,0.0,2.0,1.0,0.0,3.0,1.0,3.0
395,5.0,1.0,13.0,26.0,30.0,6.0,2.0,0.0,0.0,3.0,0.0,2.0,1.0,0.0,4.0,0.0,3.0
396,4.0,1.0,13.0,29.0,31.0,11.0,2.0,0.0,0.0,3.0,0.0,2.0,0.0,0.0,3.0,1.0,5.0
397,4.0,1.0,12.0,35.0,29.0,10.0,0.0,0.0,0.0,2.0,0.0,2.0,0.0,0.0,3.0,4.0,4.0
398,4.0,1.0,14.0,31.0,33.0,13.0,4.0,0.0,0.0,3.0,0.0,2.0,0.0,0.0,4.0,2.0,3.0
399,6.0,1.0,13.0,37.0,32.0,6.0,2.0,0.0,0.0,2.0,0.0,2.0,0.0,0.0,4.0,2.0,3.0
400,4.0,1.0,14.0,33.0,30.0,10.0,2.0,0.0,0.0,3.0,0.0,2.0,0.0,0.0,6.0,3.0,3.0
401,6.0,1.0,15.0,37.0,30.0,10.0,2.0,0.0,0.0,3.0,0.0,3.0,0.0,0.0,4.0,0.0,4.0
402,4.0,1.0,14.0,28.0,34.0,8.0,0.0,0.0,0.0,3.0,0.0,3.0,0.0,1.0,4.0,3.0,4.0
403,4.0,1.0,14.0,33.0,29.0,8.0,1.0,0.0,0.0,4.0,0.0,3.0,0.0,2.0,5.0,0.0,4.0
404,4.0,1.0,14.0,36.0,32.0,7.0,1.0,0.0,0.0,2.0,0.0,3.0,0.0,0.0,4.0,3.0,4.0
405,4.0,1.0,15.0,24.0,30.0,9.0,1.0,0.0,0.0,2.0,0.0,5.0,0.0,0.0,4.0,3.0,4.0
406,4.0,1.0,19.0,33.0,31.0,7.0,2.0,0.0,0.0,2.0,0.0,3.0,0.0,0.0,5.0,0.0,4.0
407,4.0,1.0,16.0,23.0,27.0,9.0,0.0,0.0,0.0,2.0,0.0,3.0,0.0,0.0,4.0,2.0,5.0
408,4.0,1.0,14.0,35.0,31.0,7.0,2.0,0.0,0.0,2.0,0.0,3.0,0.0,0.0,3.0,0.0,4.0
409,4.0,1.0,12.0,30.0,31.0,9.0,0.0,0.0,0.0,4.0,0.0,3.0,0.0,0.0,3.0,1.0,4.0
410,4.0,1.0,12.0,37.0,30.0,10.0,1.0,0.0,0.0,2.0,0.0,3.0,0.0,0.0,4.0,1.0,4.0
411,5.0,2.0,13.0,29.0,33.0,10.0,1.0,0.0,0.0,4.0,0.0,6.0,0.0,0.0,4.0,1.0,7.0
412,4.0,1.0,13.0,25.0,33.0,9.0,2.0,0.0,0.0,3.0,0.0,4.0,0.0,0.0,5.0,1.0,6.0
413,4.0,1.0,11.0,34.0,30.0,15.0,5.0,0.0,0.0,3.0,0.0,5.0,0.0,1.0,6.0,0.0,7.0
414,4.0,1.0,11.0,36.0,35.0,10.0,0.0,0.0,0.0,4.0,0.0,4.0,1.0,0.0,5.0,0.0,6.0
415,5.0,1.0,11.0,31.0,34.0,11.0,0.0,0.0,0.0,3.0,0.0,4.0,0.0,0.0,9.0,4.0,6.0
416,4.0,1.0,12.0,24.0,33.0,11.0,1.0,0.0,0.0,4.0,0.0,4.0,1.0,0.0,8.0,0.0,6.0
417,4.0,1.0,14.0,29.0,32.0,13.0,3.0,0.0,0.0,2.0,0.0,4.0,1.0,0.0,7.0,0.0,6.0
418,5.0,1.0,13.0,26.0,36.0,10.0,2.0,0.0,0.0,3.0,0.0,4.0,1.0,0.0,5.0,1.0,5.0
419,6.0,1.0,11.0,25.0,35.0,15.0,2.0,0.0,0.0,3.0,0.0,5.0,0.0,0.0,5.0,1.0,7.0
420,6.0,1.0,14.0,28.0,33.0,15.0,2.0,0.0,0.0,2.0,0.0,5.0,0.0,0.0,7.0,0.0,9.0
421,4.0,1.0,12.0,34.0,31.0,10.0,0.0,0.0,0.0,5.0,0.0,5.0,1.0,0.0,6.0,1.0,6.0
422,4.0,1.0,11.0,33.0,36.0,11.0,0.0,0.0,0.0,2.0,0.0,5.0,0.0,0.0,6.0,1.0,6.0
423,4.0,1.0,11.0,33.0,37.0,10.0,1.0,0.0,0.0,5.0,0.0,5.0,0.0,0.0,5.0,1.0,7.0
424,4.0,1.0,10.0,28.0,33.0,13.0,3.0,0.0,0.0,4.0,0.0,6.0,0.0,0.0,7.0,2.0,6.0
425,5.0,1.0,10.0,35.0,32.0,9.0,0.0,0.0,0.0,4.0,0.0,5.0,2.0,0.0,6.0,2.0,6.0
426,4.0,1.0,9.0,21.0,33.0,11.0,2.0,0.0,0.0,5.0,0.0,5.0,2.0,0.0,5.0,2.0,7.0
427,4.0,1.0,9.0,36.0,34.0,9.0,1.0,0.0,0.0,3.0,0.0,5.0,0.0,0.0,6.0,1.0,6.0
428,3.0,1.0,9.0,33.0,33.0,11.0,0.0,0.0,0.0,5.0,0.0,6.0,0.0,0.0,6.0,1.0,7.0
429,2.0,1.0,8.0,29.0,31.0,9.0,0.0,0.0,0.0,4.0,0.0,5.0,0.0,0.0,7.0,0.0,6.0
430,2.0,1.0,10.0,35.0,33.0,13.0,1.0,0.0,0.0,3.0,0.0,5.0,0.0,0.0,8.0,0.0,6.0
431,4.0,1.0,10.0,28.0,33.0,10.0,0.0,0.0,0.0,2.0,0.0,6.0,0.0,0.0,6.0,2.0,8.0
432,4.0,1.0,13.0,30.0,33.0,11.0,0.0,0.0,0.0,3.0,0.0,6.0,0.0,0.0,7.0,2.0,7.0
433,4.0,1.0,10.0,25.0,33.0,10.0,0.0,0.0,0.0,2.0,0.0,6.0,0.0,0.0,6.0,1.0,8.0
434,4.0,1.0,12.0,33.0,35.0,9.0,0.0,0.0,0.0,3.0,0.0,5.0,0.0,0.0,6.0,2.0,8.0
435,4.0,1.0,10.0,31.0,31.0,10.0,0.0,0.0,0.0,3.0,0.0,5.0,0.0,0.0,6.0,1.0,6.0
436,4.0,1.0,12.0,30.0,33.0,14.0,2.0,0.0,0.0,2.0,0.0,5.0,0.0,0.0,9.0,0.0,6.0
437,4.0,1.0,11.0,27.0,33.0,9.0,2.0,0.0,0.0,2.0,0.0,5.0,0.0,0.0,8.0,0.0,7.0
438,4.0,1.0,12.0,28.0,34.0,10.0,0.0,0.0,0.0,2.0,0.0,8.0,0.0,0.0,7.0,0.0,8.0
439,4.0,1.0,12.0,31.0,34.0,12.0,3.0,0.0,0.0,2.0,0.0,5.0,0.0,0.0,8.0,0.0,8.0
440,4.0,1.0,12.0,24.0,32.0,11.0,0.0,0.0,0.0,2.0,0.0,4.0,0.0,0.0,5.0,1.0,5.0
441,4.0,1.0,15.0,32.0,33.0,8.0,2.0,0.0,0.0,3.0,0.0,3.0,1.0,0.0,4.0,0.0,5.0
442,4.0,1.0,14.0,26.0,32.0,8.0,1.0,0.0,0.0,2.0,0.0,3.0,0.0,0.0,5.0,2.0,4.0
443,4.0,1.0,14.0,34.0,34.0,8.0,1.0,0.0,0.0,2.0,0.0,4.0,0.0,0.0,4.0,1.0,4.0
444,4.0,1.0,14.0,22.0,37.0,7.0,1.0,0.0,0.0,2.0,0.0,3.0,0.0,0.0,4.0,1.0,5.0
445,4.0,1.0,18.0,34.0,34.0,9.0,2.0,0.0,0.0,3.0,0.0,3.0,0.0,0.0,4.0,0.0,4.0
446,5.0,1.0,14.0,21.0,36.0,11.0,1.0,0.0,0.0,4.0,0.0,5.0,0.0,0.0,5.0,1.0,6.0
447,4.0,1.0,14.0,34.0,32.0,10.0,0.0,0.0,0.0,4.0,0.0,3.0,0.0,0.0,5.0,1.0,4.0
448,4.0,1.0,15.0,27.0,30.0,9.0,2.0,0.0,0.0,4.0,0.0,3.0,0.0,0.0,4.0,1.0,4.0
449,4.0,1.0,14.0,25.0,32.0,7.0,0.0,0.0,0.0,4.0,0.0,3.0,0.0,0.0,4.0,1.0,4.0
450,4.0,1.0,14.0,25.0,34.0,8.0,0.0,0.0,0.0,2.0,0.0,3.0,0.0,1.0,3.0,1.0,4.0
451,4.0,2.0,14.0,24.0,36.0,7.0,0.0,0.0,0.0,3.0,0.0,4.0,1.0,0.0,4.0,0.0,5.0
452,4.0,1.0,14.0,32.0,35.0,7.0,1.0,0.0,0.0,2.0,0.0,3.0,0.0,0.0,3.0,1.0,5.0
453,4.0,1.0,13.0,37.0,34.0,9.0,1.0,0.0,0.0,1.0,0.0,4.0,0.0,0.0,4.0,0.0,5.0
454,4.0,1.0,13.0,31.0,34.0,10.0,2.0,0.0,0.0,1.0,0.0,3.0,0.0,0.0,5.0,1.0,4.0
455,4.0,1.0,14.0,26.0,35.0,7.0,1.0,0.0,0.0,2.0,0.0,4.0,0.0,0.0,3.0,0.0,4.0
456,4.0,2.0,13.0,27.0,34.0,7.0,2.0,0.0,0.0,1.0,0.0,3.0,1.0,1.0,6.0,2.0,4.0
457,4.0,1.0,13.0,23.0,32.0,7.0,1.0,0.0,0.0,1.0,0.0,3.0,0.0,0.0,3.0,2.0,4.0
458,4.0,1.0,13.0,30.0,33.0,9.0,2.0,0.0,0.0,1.0,0.0,3.0,0.0,0.0,3.0,0.0,4.0
459,5.0,1.0,14.0,30.0,35.0,8.0,1.0,0.0,0.0,4.0,0.0,3.0,0.0,0.0,4.0,0.0,5.0
460,4.0,1.0,12.0,26.0,40.0,8.0,0.0,0.0,0.0,2.0,0.0,3.0,0.0,1.0,3.0,1.0,4.0
461,4.0,1.0,13.0,31.0,36.0,8.0,1.0,0.0,0.0,2.0,0.0,3.0,0.0,0.0,5.0,2.0,4.0
462,4.0,1.0,15.0,34.0,31.0,7.0,2.0,0.0,0.0,4.0,0.0,2.0,1.0,0.0,3.0,0.0,3.0
463,4.0,1.0,13.0,27.0,31.0,12.0,2.0,0.0,0.0,1.0,0.0,2.0,0.0,0.0,4.0,0.0,3.0
464,4.0,1.0,13.0,34.0,30.0,11.0,2.0,0.0,0.0,2.0,0.0,2.0,0.0,0.0,5.0,0.0,4.0
465,4.0,1.0,13.0,32.0,34.0,7.0,1.0,0.0,0.0,2.0,0.0,2.0,0.0,0.0,3.0,2.0,3.0
466,4.0,1.0,12.0,22.0,37.0,8.0,1.0,0.0,0.0,1.0,0.0,2.0,0.0,0.0,3.0,1.0,3.0
467,4.0,1.0,13.0,29.0,33.0,8.0,3.0,0.0,0.0,2.0,1.0,2.0,0.0,0.0,5.0,4.0,4.0
468,4.0,1.0,13.0,26.0,33.0,7.0,3.0,0.0,0.0,2.0,0.0,2.0,0.0,0.0,2.0,1.0,3.0
469,4.0,1.0,12.0,26.0,32.0,6.0,2.0,0.0,0.0,1.0,0.0,2.0,0.0,0.0,3.0,0.0,3.0
470,4.0,1.0,13.0,25.0,31.0,6.0,1.0,0.0,0.0,1.0,0.0,2.0,0.0,0.0,3.0,2.0,3.0
471,4.0,1.0,12.0,30.0,35.0,8.0,1.0,0.0,0.0,1.0,0.0,2.0,0.0,0.0,3.0,0.0,3.0
472,4.0,1.0,12.0,35.0,33.0,7.0,0.0,0.0,0.0,1.0,0.0,2.0,0.0,0.0,4.0,2.0,3.0
473,4.0,1.0,16.0,24.0,29.0,9.0,1.0,0.0,0.0,1.0,0.0,2.0,0.0,0.0,3.0,1.0,3.0
474,4.0,1.0,15.0,21.0,28.0,7.0,1.0,0.0,0.0,2.0,0.0,2.0,0.0,1.0,6.0,0.0,3.0
475,4.0,1.0,14.0,28.0,32.0,6.0,0.0,0.0,0.0,4.0,0.0,2.0,0.0,1.0,3.0,1.0,3.0
476,6.0,1.0,15.0,24.0,30.0,10.0,3.0,0.0,0.0,3.0,0.0,2.0,0.0,0.0,5.0,0.0,5.0
477,5.0,1.0,14.0,36.0,33.0,10.0,0.0,0.0,0.0,2.0,0.0,2.0,1.0,0.0,4.0,1.0,3.0
478,4.0,1.0,15.0,24.0,28.0,6.0,1.0,0.0,0.0,2.0,0.0,2.0,0.0,0.0,4.0,1.0,3.0
479,4.0,1.0,15.0,29.0,33.0,6.0,2.0,0.0,0.0,3.0,0.0,2.0,0.0,1.0,2.0,1.0,4.0
480,4.0,1.0,15.0,26.0,31.0,8.0,0.0,0.0,0.0,3.0,0.0,2.0,0.0,0.0,4.0,3.0,3.0
481,4.0,1.0,14.0,35.0,28.0,6.0,1.0,0.0,0.0,2.0,0.0,2.0,0.0,1.0,2.0,0.0,3.0
482,4.0,1.0,14.0,31.0,32.0,7.0,1.0,0.0,0.0,2.0,0.0,2.0,1.0,0.0,6.0,4.0,3.0
483,4.0,1.0,13.0,33.0,32.0,7.0,2.0,0.0,0.0,1.0,0.0,2.0,0.0,0.0,3.0,1.0,4.0
484,2.0,1.0,15.0,36.0,35.0,8.0,1.0,0.0,0.0,2.0,0.0,3.0,0.0,0.0,4.0,4.0,3.0
485,2.0,1.0,16.0,37.0,29.0,12.0,3.0,0.0,0.0,2.0,0.0,2.0,0.0,0.0,4.0,0.0,4.0
486,2.0,1.0,15.0,40.0,31.0,6.0,0.0,0.0,0.0,1.0,0.0,2.0,0.0,0.0,3.0,2.0,6.0
487,2.0,1.0,15.0,33.0,36.0,8.0,2.0,0.0,0.0,2.0,0.0,2.0,0.0,0.0,2.0,2.0,3.0
488,2.0,1.0,15.0,19.0,33.0,6.0,0.0,0.0,0.0,2.0,0.0,2.0,1.0,0.0,2.0,2.0,3.0
489,3.0,1.0,16.0,34.0,34.0,7.0,0.0,0.0,0.0,3.0,0.0,2.0,0.0,0.0,2.0,1.0,4.0
490,4.0,1.0,14.0,24.0,34.0,6.0,0.0,0.0,0.0,1.0,0.0,2.0,0.0,0.0,3.0,1.0,4.0
491,4.0,1.0,13.0,36.0,35.0,6.0,5.0,0.0,0.0,2.0,0.0,2.0,0.0,0.0,3.0,1.0,3.0
492,4.0,1.0,14.0,23.0,37.0,6.0,0.0,0.0,0.0,3.0,0.0,2.0,0.0,0.0,2.0,1.0,3.0
493,4.0,1.0,16.0,28.0,36.0,10.0,1.0,0.0,0.0,1.0,0.0,2.0,0.0,0.0,3.0,1.0,3.0
494,4.0,2.0,15.0,25.0,37.0,6.0,0.0,0.0,0.0,4.0,0.0,2.0,0.0,0.0,2.0,0.0,3.0
495,4.0,1.0,13.0,25.0,35.0,8.0,4.0,0.0,0.0,1.0,0.0,2.0,0.0,0.0,4.0,0.0,3.0
496,2.0,1.0,14.0,27.0,33.0,6.0,1.0,0.0,0.0,1.0,0.0,2.0,0.0,0.0,5.0,0.0,3.0
497,3.0,1.0,14.0,29.0,41.0,7.0,0.0,0.0,0.0,3.0,0.0,2.0,0.0,0.0,2.0,0.0,3.0
498,2.0,1.0,13.0,28.0,40.0,6.0,0.0,0.0,0.0,3.0,0.0,2.0,0.0,0.0,2.0,0.0,3.0
499,2.0,1.0,12.0,27.0,33.0,6.0,1.0,0.0,0.0,1.0,0.0,2.0,0.0,1.0,4.0,0.0,3.0
500,0.0,1.0,12.0,23.0,36.0,2.0,1.0,0.0,0.0,2.0,0.0,2.0,0.0,0.0,2.0,0.0,2.0
501,0.0,1.0,14.0,27.0,37.0,2.0,1.0,0.0,0.0,1.0,0.0,2.0,0.0,0.0,2.0,3.0,2.0
502,0.0,1.0,14.0,26.0,35.0,3.0,1.0,0.0,0.0,1.0,0.0,2.0,0.0,0.0,3.0,1.0,2.0
503,0.0,1.0,13.0,32.0,40.0,5.0,1.0,0.0,0.0,1.0,0.0,2.0,0.0,0.0,3.0,3.0,3.0
504,0.0,1.0,13.0,31.0,35.0,3.0,0.0,0.0,0.0,1.0,0.0,2.0,0.0,0.0,5.0,0.0,4.0
505,0.0,1.0,13.0,30.0,37.0,3.0,0.0,0.0,0.0,1.0,0.0,2.0,0.0,0.0,3.0,1.0,4.0
506,0.0,1.0,14.0,29.0,36.0,5.0,1.0,0.0,0.0,1.0,0.0,2.0,0.0,0.0,4.0,0.0,3.0
507,0.0,1.0,12.0,31.0,36.0,5.0,4.0,0.0,0.0,1.0,0.0,2.0,0.0,0.0,6.0,0.0,2.0
508,3.0,1.0,12.0,27.0,34.0,3.0,0.0,0.0,0.0,3.0,0.0,2.0,0.0,0.0,4.0,0.0,2.0
509,1.0,1.0,12.0,28.0,39.0,4.0,0.0,0.0,0.0,3.0,0.0,3.0,0.0,0.0,5.0,1.0,3.0
510,0.0,1.0,13.0,30.0,34.0,9.0,5.0,0.0,0.0,1.0,0.0,3.0,0.0,0.0,6.0,1.0,3.0
511,0.0,1.0,14.0,29.0,38.0,6.0,4.0,0.0,0.0,5.0,0.0,2.0,0.0,0.0,3.0,1.0,2.0
512,0.0,1.0,14.0,26.0,37.0,6.0,0.0,0.0,0.0,4.0,0.0,2.0,0.0,0.0,5.0,1.0,2.0
513,0.0,1.0,12.0,34.0,36.0,2.0,0.0,0.0,0.0,4.0,0.0,3.0,0.0,0.0,2.0,0.0,2.0
514,0.0,1.0,12.0,31.0,38.0,2.0,0.0,0.0,0.0,4.0,0.0,2.0,0.0,0.0,2.0,3.0,3.0
515,0.0,1.0,11.0,33.0,37.0,2.0,3.0,0.0,0.0,5.0,0.0,2.0,1.0,0.0,2.0,1.0,2.0
516,0.0,1.0,12.0,31.0,33.0,2.0,0.0,0.0,0.0,5.0,0.0,2.0,2.0,0.0,3.0,0.0,2.0
517,0.0,1.0,12.0,30.0,32.0,3.0,1.0,0.0,0.0,3.0,0.0,2.0,1.0,0.0,2.0,0.0,2.0
518,1.0,1.0,13.0,29.0,37.0,4.0,0.0,0.0,0.0,5.0,0.0,2.0,1.0,0.0,3.0,0.0,2.0
519,0.0,1.0,12.0,28.0,32.0,2.0,2.0,0.0,0.0,4.0,0.0,2.0,0.0,0.0,2.0,1.0,3.0
520,0.0,2.0,13.0,26.0,35.0,2.0,0.0,0.0,0.0,4.0,0.0,2.0,1.0,0.0,2.0,2.0,2.0
521,0.0,1.0,12.0,35.0,33.0,6.0,0.0,0.0,0.0,4.0,0.0,2.0,0.0,0.0,4.0,0.0,2.0
522,0.0,1.0,11.0,30.0,32.0,2.0,2.0,0.0,0.0,3.0,0.0,2.0,0.0,0.0,2.0,0.0,2.0
523,1.0,1.0,11.0,34.0,36.0,2.0,2.0,0.0,0.0,3.0,0.0,2.0,0.0,0.0,4.0,0.0,2.0
524,0.0,1.0,14.0,21.0,36.0,4.0,1.0,0.0,0.0,3.0,0.0,2.0,0.0,0.0,3.0,1.0,3.0
525,0.0,1.0,11.0,30.0,35.0,11.0,5.0,0.0,0.0,2.0,0.0,2.0,0.0,1.0,3.0,0.0,4.0
526,0.0,1.0,12.0,28.0,36.0,5.0,1.0,0.0,0.0,2.0,0.0,2.0,0.0,0.0,3.0,0.0,2.0
527,0.0,1.0,15.0,30.0,33.0,2.0,3.0,0.0,0.0,3.0,0.0,1.0,0.0,0.0,3.0,0.0,1.0
528,0.0,1.0,12.0,24.0,38.0,1.0,0.0,0.0,0.0,4.0,0.0,1.0,0.0,0.0,5.0,0.0,1.0
529,0.0,1.0,12.0,29.0,37.0,3.0,1.0,0.0,0.0,5.0,0.0,1.0,0.0,0.0,1.0,0.0,1.0
530,0.0,1.0,12.0,24.0,41.0,2.0,0.0,0.0,0.0,2.0,0.0,1.0,0.0,0.0,4.0,1.0,1.0
531,0.0,1.0,12.0,28.0,36.0,3.0,3.0,0.0,0.0,4.0,0.0,2.0,0.0,0.0,4.0,0.0,3.0
532,2.0,1.0,11.0,26.0,37.0,10.0,1.0,0.0,0.0,2.0,0.0,2.0,0.0,1.0,4.0,0.0,5.0
533,1.0,1.0,12.0,39.0,38.0,8.0,1.0,0.0,0.0,2.0,0.0,3.0,0.0,1.0,3.0,0.0,4.0
534,1.0,1.0,11.0,33.0,37.0,4.0,0.0,0.0,0.0,4.0,0.0,3.0,0.0,0.0,3.0,1.0,3.0
535,0.0,1.0,11.0,41.0,35.0,6.0,3.0,0.0,0.0,2.0,0.0,3.0,0.0,0.0,5.0,1.0,3.0
536,0.0,1.0,12.0,33.0,35.0,8.0,1.0,0.0,0.0,2.0,0.0,1.0,0.0,0.0,4.0,1.0,4.0
537,0.0,1.0,11.0,31.0,38.0,9.0,1.0,0.0,0.0,3.0,0.0,1.0,1.0,0.0,3.0,0.0,3.0
538,0.0,1.0,12.0,31.0,40.0,6.0,0.0,0.0,0.0,2.0,0.0,1.0,0.0,0.0,2.0,0.0,2.0
539,0.0,1.0,12.0,37.0,36.0,6.0,2.0,0.0,0.0,2.0,0.0,1.0,0.0,0.0,2.0,0.0,3.0
540,0.0,1.0,11.0,39.0,35.0,6.0,0.0,0.0,0.0,2.0,0.0,1.0,0.0,0.0,3.0,0.0,2.0
541,0.0,1.0,10.0,38.0,36.0,2.0,0.0,0.0,0.0,2.0,0.0,1.0,0.0,0.0,1.0,2.0,1.0
542,0.0,1.0,10.0,35.0,37.0,2.0,0.0,0.0,0.0,3.0,0.0,1.0,0.0,0.0,1.0,2.0,1.0
543,0.0,1.0,10.0,40.0,36.0,1.0,1.0,0.0,0.0,2.0,0.0,1.0,0.0,0.0,1.0,0.0,1.0
544,0.0,1.0,13.0,45.0,39.0,1.0,0.0,0.0,0.0,2.0,0.0,1.0,0.0,0.0,1.0,1.0,1.0
545,1.0,1.0,13.0,35.0,36.0,3.0,0.0,0.0,0.0,2.0,0.0,1.0,0.0,0.0,1.0,1.0,1.0
546,1.0,1.0,11.0,41.0,37.0,9.0,4.0,0.0,0.0,2.0,0.0,2.0,0.0,0.0,4.0,2.0,2.0
547,0.0,1.0,12.0,42.0,37.0,2.0,1.0,0.0,0.0,4.0,0.0,2.0,0.0,0.0,2.0,1.0,2.0
548,0.0,1.0,11.0,37.0,37.0,5.0,2.0,0.0,0.0,5.0,0.0,2.0,1.0,0.0,4.0,0.0,3.0
549,0.0,1.0,11.0,34.0,35.0,4.0,0.0,0.0,0.0,7.0,0.0,2.0,0.0,0.0,5.0,2.0,3.0
550,0.0,1.0,13.0,42.0,39.0,3.0,1.0,0.0,0.0,4.0,0.0,2.0,0.0,0.0,2.0,0.0,4.0
551,0.0,1.0,11.0,45.0,39.0,2.0,2.0,0.0,0.0,4.0,0.0,2.0,0.0,0.0,2.0,1.0,2.0
552,0.0,1.0,10.0,33.0,39.0,5.0,3.0,0.0,0.0,4.0,0.0,3.0,0.0,0.0,3.0,2.0,2.0
553,0.0,1.0,9.0,43.0,37.0,3.0,0.0,0.0,0.0,4.0,0.0,3.0,0.0,0.0,3.0,0.0,3.0
554,0.0,1.0,11.0,40.0,35.0,4.0,1.0,0.0,0.0,5.0,0.0,3.0,0.0,0.0,3.0,1.0,3.0
555,0.0,1.0,9.0,40.0,38.0,3.0,1.0,0.0,0.0,4.0,0.0,2.0,0.0,0.0,3.0,0.0,4.0
556,0.0,1.0,11.0,41.0,35.0,3.0,1.0,0.0,0.0,5.0,0.0,4.0,0.0,0.0,3.0,1.0,3.0
557,0.0,1.0,11.0,40.0,37.0,3.0,1.0,0.0,0.0,5.0,0.0,2.0,0.0,0.0,3.0,0.0,3.0
558,0.0,1.0,10.0,39.0,38.0,4.0,2.0,0.0,0.0,5.0,0.0,3.0,0.0,0.0,3.0,0.0,3.0
559,0.0,1.0,10.0,44.0,37.0,3.0,1.0,0.0,0.0,5.0,0.0,3.0,0.0,0.0,4.0,0.0,3.0
560,1.0,2.0,12.0,34.0,39.0,4.0,1.0,0.0,0.0,4.0,0.0,4.0,0.0,0.0,4.0,0.0,3.0
561,0.0,2.0,9.0,44.0,36.0,5.0,0.0,0.0,0.0,4.0,0.0,3.0,0.0,0.0,6.0,0.0,3.0
562,0.0,0.0,10.0,33.0,35.0,3.0,0.0,0.0,0.0,6.0,0.0,3.0,0.0,0.0,4.0,0.0,3.0
563,0.0,0.0,12.0,44.0,37.0,4.0,1.0,0.0,0.0,7.0,0.0,2.0,0.0,0.0,5.0,0.0,3.0
564,0.0,0.0,9.0,35.0,39.0,6.0,4.0,0.0,0.0,6.0,0.0,3.0,1.0,0.0,5.0,1.0,3.0
565,0.0,0.0,10.0,34.0,33.0,3.0,0.0,0.0,0.0,6.0,0.0,2.0,0.0,1.0,3.0,1.0,3.0
566,0.0,0.0,9.0,35.0,35.0,3.0,0.0,0.0,0.0,6.0,0.0,3.0,0.0,1.0,4.0,2.0,4.0
567,0.0,0.0,9.0,36.0,36.0,4.0,0.0,0.0,0.0,6.0,0.0,2.0,0.0,0.0,4.0,0.0,4.0
568,0.0,0.0,9.0,39.0,32.0,3.0,0.0,0.0,0.0,5.0,0.0,3.0,0.0,0.0,3.0,0.0,3.0
569,0.0,0.0,8.0,41.0,38.0,5.0,1.0,0.0,0.0,5.0,0.0,2.0,0.0,0.0,5.0,1.0,3.0
570,0.0,0.0,9.0,35.0,34.0,4.0,0.0,0.0,0.0,5.0,0.0,3.0,0.0,0.0,4.0,0.0,3.0
571,0.0,0.0,8.0,34.0,35.0,3.0,1.0,0.0,0.0,4.0,0.0,3.0,0.0,0.0,3.0,0.0,3.0
572,0.0,0.0,8.0,36.0,39.0,3.0,0.0,0.0,0.0,6.0,0.0,3.0,0.0,0.0,3.0,1.0,3.0
573,0.0,0.0,9.0,39.0,37.0,3.0,1.0,0.0,0.0,5.0,0.0,2.0,0.0,2.0,4.0,1.0,3.0
574,0.0,0.0,9.0,36.0,32.0,3.0,0.0,0.0,0.0,8.0,0.0,3.0,0.0,0.0,5.0,0.0,3.0
575,0.0,0.0,10.0,46.0,34.0,3.0,4.0,0.0,0.0,7.0,0.0,2.0,0.0,2.0,4.0,0.0,3.0
576,0.0,0.0,8.0,36.0,34.0,4.0,0.0,0.0,0.0,7.0,0.0,4.0,0.0,0.0,3.0,0.0,3.0
577,0.0,0.0,9.0,34.0,39.0,3.0,0.0,0.0,0.0,4.0,0.0,2.0,0.0,1.0,3.0,1.0,3.0
578,0.0,0.0,8.0,42.0,35.0,3.0,1.0,0.0,0.0,5.0,0.0,3.0,1.0,0.0,3.0,1.0,3.0
579,0.0,0.0,8.0,39.0,31.0,7.0,0.0,0.0,0.0,4.0,0.0,1.0,0.0,0.0,4.0,0.0,5.0
580,0.0,0.0,8.0,40.0,33.0,7.0,2.0,0.0,0.0,4.0,0.0,3.0,0.0,0.0,5.0,1.0,5.0
581,0.0,0.0,9.0,44.0,31.0,8.0,2.0,0.0,0.0,5.0,0.0,2.0,0.0,1.0,3.0,1.0,4.0
582,0.0,0.0,7.0,36.0,35.0,7.0,0.0,0.0,0.0,6.0,0.0,2.0,0.0,0.0,4.0,0.0,3.0
583,0.0,0.0,7.0,41.0,33.0,8.0,1.0,0.0,0.0,6.0,0.0,1.0,0.0,0.0,4.0,3.0,3.0
584,4.0,0.0,8.0,47.0,32.0,10.0,1.0,0.0,0.0,4.0,0.0,3.0,0.0,0.0,3.0,1.0,4.0
585,5.0,0.0,8.0,40.0,32.0,7.0,2.0,0.0,0.0,5.0,0.0,2.0,1.0,0.0,3.0,1.0,4.0
586,4.0,0.0,7.0,41.0,31.0,9.0,1.0,0.0,0.0,5.0,0.0,3.0,1.0,0.0,3.0,0.0,4.0
587,4.0,0.0,9.0,41.0,33.0,7.0,0.0,0.0,0.0,4.0,0.0,2.0,0.0,0.0,3.0,0.0,4.0
588,4.0,0.0,9.0,37.0,33.0,8.0,0.0,0.0,0.0,4.0,0.0,3.0,0.0,0.0,3.0,0.0,5.0
589,4.0,0.0,10.0,39.0,34.0,7.0,2.0,0.0,0.0,4.0,0.0,2.0,0.0,0.0,4.0,1.0,4.0
590,2.0,0.0,12.0,36.0,33.0,7.0,0.0,0.0,0.0,4.0,0.0,3.0,0.0,0.0,4.0,0.0,5.0
591,1.0,1.0,10.0,57.0,32.0,3.0,1.0,0.0,0.0,4.0,0.0,3.0,0.0,0.0,4.0,2.0,5.0
592,0.0,0.0,11.0,37.0,35.0,7.0,0.0,0.0,0.0,5.0,0.0,3.0,0.0,1.0,6.0,1.0,3.0
593,0.0,0.0,14.0,37.0,36.0,5.0,2.0,0.0,0.0,4.0,0.0,3.0,0.0,0.0,5.0,0.0,3.0
594,0.0,0.0,14.0,37.0,34.0,5.0,1.0,0.0,0.0,4.0,0.0,3.0,0.0,0.0,4.0,3.0,4.0
595,0.0,0.0,13.0,39.0,34.0,6.0,3.0,0.0,0.0,4.0,0.0,2.0,0.0,1.0,5.0,2.0,3.0
596,0.0,0.0,12.0,35.0,36.0,7.0,3.0,0.0,0.0,5.0,0.0,3.0,0.0,0.0,4.0,2.0,3.0
597,0.0,0.0,12.0,46.0,40.0,5.0,2.0,0.0,0.0,4.0,0.0,2.0,1.0,0.0,3.0,1.0,4.0
598,0.0,0.0,11.0,41.0,36.0,3.0,0.0,0.0,0.0,4.0,0.0,3.0,0.0,0.0,3.0,2.0,4.0
599,0.0,0.0,11.0,50.0,36.0,3.0,3.0,0.0,0.0,4.0,0.0,2.0,0.0,0.0,5.0,2.0,3.0
600,0.0,0.0,12.0,40.0,37.0,4.0,0.0,0.0,0.0,4.0,0.0,4.0,0.0,0.0,4.0,0.0,4.0
601,0.0,0.0,11.0,41.0,35.0,4.0,2.0,0.0,0.0,4.0,0.0,2.0,0.0,0.0,4.0,2.0,3.0
602,0.0,0.0,12.0,37.0,35.0,4.0,0.0,0.0,0.0,6.0,0.0,3.0,0.0,0.0,4.0,1.0,3.0
603,0.0,0.0,11.0,41.0,37.0,3.0,0.0,0.0,0.0,5.0,0.0,2.0,0.0,0.0,3.0,2.0,3.0
604,0.0,0.0,11.0,38.0,39.0,3.0,3.0,0.0,0.0,5.0,0.0,3.0,0.0,0.0,5.0,3.0,3.0
605,3.0,0.0,10.0,48.0,34.0,4.0,2.0,0.0,0.0,5.0,0.0,2.0,0.0,0.0,6.0,1.0,3.0
606,0.0,0.0,9.0,39.0,37.0,3.0,0.0,0.0,0.0,5.0,0.0,3.0,1.0,0.0,3.0,3.0,3.0
607,0.0,0.0,11.0,38.0,37.0,3.0,2.0,0.0,0.0,7.0,0.0,2.0,0.0,0.0,4.0,0.0,3.0
608,1.0,0.0,11.0,39.0,33.0,5.0,3.0,0.0,0.0,6.0,0.0,3.0,0.0,0.0,4.0,0.0,5.0
609,0.0,0.0,13.0,49.0,42.0,7.0,2.0,0.0,0.0,5.0,0.0,2.0,1.0,0.0,5.0,2.0,3.0
610,0.0,0.0,13.0,47.0,38.0,4.0,0.0,0.0,0.0,5.0,0.0,4.0,0.0,1.0,4.0,2.0,4.0
611,0.0,0.0,11.0,42.0,39.0,10.0,5.0,0.0,0.0,6.0,0.0,3.0,0.0,0.0,6.0,0.0,4.0
612,0.0,0.0,10.0,46.0,40.0,12.0,3.0,0.0,0.0,6.0,0.0,5.0,0.0,0.0,9.0,1.0,4.0
613,2.0,0.0,11.0,44.0,42.0,5.0,0.0,0.0,0.0,6.0,0.0,3.0,0.0,0.0,5.0,0.0,4.0
614,0.0,0.0,13.0,41.0,43.0,4.0,1.0,0.0,0.0,5.0,0.0,4.0,0.0,0.0,6.0,1.0,5.0
615,0.0,0.0,13.0,43.0,44.0,4.0,1.0,0.0,0.0,6.0,0.0,3.0,1.0,0.0,4.0,1.0,4.0
616,0.0,0.0,12.0,40.0,39.0,10.0,4.0,0.0,0.0,5.0,0.0,4.0,0.0,0.0,6.0,0.0,5.0
617,0.0,0.0,12.0,51.0,38.0,4.0,0.0,0.0,0.0,5.0,0.0,3.0,0.0,0.0,4.0,0.0,5.0
618,1.0,0.0,13.0,47.0,42.0,6.0,1.0,0.0,0.0,5.0,0.0,4.0,0.0,0.0,4.0,2.0,4.0
619,0.0,0.0,13.0,44.0,41.0,6.0,3.0,0.0,0.0,4.0,0.0,4.0,0.0,0.0,4.0,0.0,4.0
620,0.0,0.0,12.0,44.0,43.0,4.0,0.0,0.0,0.0,4.0,0.0,5.0,0.0,0.0,4.0,0.0,5.0
621,0.0,0.0,13.0,48.0,38.0,5.0,1.0,0.0,0.0,5.0,0.0,3.0,0.0,0.0,6.0,0.0,4.0
622,0.0,0.0,11.0,49.0,43.0,5.0,4.0,0.0,0.0,4.0,0.0,4.0,0.0,0.0,4.0,1.0,5.0
623,0.0,0.0,11.0,46.0,40.0,6.0,2.0,0.0,0.0,4.0,0.0,3.0,0.0,0.0,4.0,1.0,4.0
624,0.0,0.0,12.0,39.0,46.0,8.0,3.0,0.0,0.0,5.0,0.0,4.0,0.0,0.0,5.0,0.0,4.0
625,0.0,0.0,12.0,43.0,41.0,6.0,2.0,0.0,0.0,5.0,0.0,3.0,1.0,0.0,4.0,0.0,4.0
626,0.0,0.0,12.0,50.0,40.0,6.0,1.0,0.0,0.0,5.0,0.0,4.0,0.0,0.0,6.0,0.0,4.0
627,0.0,0.0,12.0,47.0,49.0,8.0,3.0,0.0,0.0,4.0,0.0,3.0,0.0,0.0,6.0,3.0,4.0
628,0.0,0.0,13.0,46.0,44.0,5.0,0.0,0.0,0.0,4.0,0.0,4.0,0.0,0.0,4.0,0.0,4.0
629,0.0,0.0,13.0,44.0,46.0,4.0,1.0,0.0,0.0,4.0,0.0,3.0,0.0,1.0,4.0,2.0,9.0
630,0.0,0.0,14.0,55.0,46.0,12.0,7.0,0.0,0.0,4.0,0.0,4.0,0.0,0.0,6.0,1.0,4.0
631,0.0,0.0,13.0,52.0,44.0,4.0,0.0,0.0,0.0,4.0,0.0,4.0,0.0,0.0,4.0,0.0,4.0
632,1.0,0.0,15.0,49.0,41.0,6.0,4.0,0.0,0.0,4.0,0.0,6.0,0.0,0.0,5.0,2.0,5.0
633,0.0,0.0,15.0,47.0,45.0,9.0,4.0,0.0,0.0,4.0,0.0,3.0,0.0,0.0,7.0,0.0,6.0
634,0.0,0.0,15.0,39.0,44.0,8.0,2.0,0.0,0.0,6.0,0.0,4.0,0.0,0.0,6.0,1.0,5.0
635,0.0,0.0,15.0,39.0,46.0,5.0,0.0,0.0,0.0,5.0,0.0,4.0,0.0,0.0,6.0,0.0,5.0
636,0.0,0.0,12.0,41.0,43.0,6.0,2.0,0.0,0.0,5.0,0.0,4.0,0.0,0.0,5.0,0.0,4.0
637,0.0,0.0,12.0,43.0,45.0,4.0,2.0,0.0,0.0,4.0,0.0,4.0,0.0,0.0,5.0,1.0,4.0
638,0.0,0.0,13.0,40.0,43.0,7.0,3.0,0.0,0.0,4.0,0.0,4.0,0.0,0.0,4.0,0.0,4.0
639,0.0,0.0,12.0,46.0,42.0,4.0,0.0,0.0,0.0,4.0,0.0,3.0,0.0,0.0,5.0,1.0,4.0
640,0.0,0.0,12.0,50.0,48.0,4.0,0.0,0.0,0.0,4.0,0.0,4.0,0.0,0.0,5.0,0.0,4.0
641,0.0,0.0,14.0,45.0,41.0,5.0,2.0,0.0,0.0,5.0,0.0,3.0,0.0,0.0,6.0,0.0,4.0
642,0.0,0.0,13.0,38.0,43.0,4.0,1.0,0.0,0.0,4.0,0.0,4.0,0.0,0.0,4.0,1.0,4.0
643,0.0,0.0,13.0,43.0,44.0,6.0,2.0,0.0,0.0,4.0,0.0,3.0,0.0,0.0,4.0,1.0,4.0
644,0.0,0.0,14.0,45.0,44.0,5.0,4.0,0.0,0.0,4.0,0.0,5.0,0.0,0.0,4.0,1.0,4.0
645,0.0,0.0,13.0,44.0,45.0,7.0,3.0,0.0,0.0,4.0,0.0,3.0,0.0,0.0,5.0,2.0,4.0
646,0.0,0.0,14.0,47.0,42.0,4.0,0.0,0.0,0.0,3.0,0.0,4.0,0.0,0.0,5.0,0.0,4.0
647,0.0,0.0,13.0,42.0,44.0,7.0,4.0,0.0,0.0,3.0,0.0,3.0,0.0,0.0,4.0,0.0,4.0
648,0.0,0.0,11.0,47.0,46.0,8.0,2.0,0.0,0.0,3.0,0.0,5.0,0.0,0.0,5.0,0.0,4.0
649,0.0,1.0,13.0,55.0,47.0,4.0,1.0,0.0,0.0,3.0,0.0,4.0,0.0,0.0,4.0,1.0,4.0
650,0.0,1.0,12.0,45.0,45.0,5.0,0.0,0.0,0.0,3.0,0.0,4.0,0.0,0.0,5.0,1.0,5.0
651,1.0,0.0,12.0,54.0,45.0,5.0,1.0,0.0,0.0,3.0,0.0,3.0,0.0,0.0,5.0,1.0,5.0
652,0.0,0.0,12.0,46.0,41.0,5.0,1.0,0.0,0.0,3.0,0.0,4.0,0.0,0.0,5.0,1.0,4.0
653,0.0,0.0,11.0,49.0,44.0,8.0,4.0,0.0,0.0,3.0,0.0,3.0,0.0,1.0,4.0,0.0,4.0
654,0.0,0.0,11.0,41.0,48.0,6.0,0.0,0.0,0.0,2.0,0.0,5.0,0.0,0.0,5.0,0.0,5.0
655,0.0,0.0,11.0,43.0,44.0,6.0,0.0,0.0,0.0,3.0,0.0,3.0,0.0,0.0,6.0,1.0,4.0
656,0.0,0.0,13.0,41.0,46.0,6.0,1.0,0.0,0.0,4.0,0.0,4.0,0.0,0.0,5.0,0.0,4.0
657,0.0,0.0,13.0,45.0,43.0,6.0,1.0,0.0,0.0,3.0,0.0,3.0,0.0,0.0,5.0,3.0,4.0
658,0.0,0.0,14.0,47.0,42.0,6.0,0.0,0.0,0.0,3.0,0.0,4.0,0.0,1.0,5.0,0.0,4.0
659,0.0,0.0,13.0,43.0,43.0,7.0,3.0,0.0,0.0,4.0,0.0,3.0,1.0,0.0,5.0,1.0,4.0
660,0.0,0.0,13.0,40.0,43.0,6.0,0.0,0.0,0.0,2.0,0.0,4.0,0.0,0.0,5.0,0.0,4.0
661,0.0,0.0,12.0,45.0,49.0,4.0,1.0,0.0,0.0,4.0,0.0,3.0,0.0,0.0,4.0,1.0,5.0
662,0.0,0.0,12.0,53.0,41.0,5.0,0.0,0.0,0.0,2.0,0.0,4.0,1.0,0.0,5.0,0.0,4.0
663,0.0,0.0,12.0,45.0,39.0,4.0,1.0,0.0,0.0,3.0,0.0,3.0,0.0,0.0,6.0,0.0,5.0
664,0.0,0.0,13.0,48.0,42.0,4.0,1.0,0.0,0.0,4.0,0.0,4.0,0.0,0.0,5.0,2.0,4.0
665,3.0,0.0,14.0,43.0,41.0,5.0,3.0,0.0,0.0,5.0,0.0,4.0,0.0,0.0,4.0,0.0,4.0
666,0.0,0.0,11.0,46.0,45.0,4.0,1.0,0.0,0.0,2.0,0.0,4.0,0.0,1.0,7.0,0.0,6.0
667,0.0,0.0,12.0,48.0,43.0,6.0,0.0,0.0,0.0,4.0,0.0,4.0,1.0,0.0,5.0,1.0,4.0
668,0.0,0.0,15.0,39.0,43.0,4.0,0.0,0.0,0.0,4.0,0.0,4.0,0.0,0.0,4.0,1.0,4.0
669,0.0,0.0,12.0,44.0,40.0,4.0,1.0,0.0,0.0,4.0,0.0,4.0,0.0,0.0,4.0,0.0,5.0
670,0.0,0.0,12.0,50.0,40.0,4.0,0.0,0.0,0.0,3.0,0.0,5.0,0.0,0.0,4.0,2.0,5.0
671,0.0,0.0,12.0,57.0,39.0,4.0,0.0,0.0,0.0,3.0,0.0,4.0,0.0,0.0,5.0,1.0,4.0
672,0.0,0.0,13.0,51.0,40.0,7.0,2.0,0.0,0.0,4.0,0.0,5.0,0.0,0.0,4.0,1.0,4.0
673,0.0,0.0,14.0,55.0,39.0,6.0,0.0,0.0,0.0,3.0,0.0,4.0,0.0,0.0,5.0,1.0,6.0
674,0.0,0.0,13.0,42.0,35.0,7.0,1.0,0.0,0.0,4.0,0.0,5.0,0.0,0.0,5.0,1.0,8.0
675,0.0,0.0,14.0,49.0,38.0,5.0,0.0,0.0,0.0,4.0,0.0,5.0,0.0,0.0,9.0,0.0,7.0
676,0.0,0.0,13.0,39.0,36.0,5.0,0.0,0.0,0.0,4.0,0.0,7.0,0.0,0.0,7.0,2.0,6.0
677,0.0,0.0,13.0,38.0,37.0,9.0,4.0,0.0,0.0,4.0,0.0,5.0,0.0,0.0,7.0,0.0,5.0
678,0.0,0.0,14.0,40.0,40.0,6.0,1.0,0.0,0.0,3.0,0.0,6.0,0.0,0.0,6.0,0.0,5.0
679,0.0,0.0,14.0,45.0,42.0,5.0,1.0,0.0,0.0,3.0,0.0,5.0,0.0,0.0,5.0,0.0,5.0
680,0.0,0.0,13.0,41.0,38.0,5.0,0.0,0.0,0.0,3.0,0.0,6.0,0.0,0.0,5.0,2.0,5.0
681,0.0,0.0,13.0,42.0,36.0,6.0,2.0,0.0,0.0,3.0,0.0,5.0,0.0,0.0,7.0,0.0,5.0
682,0.0,0.0,14.0,48.0,37.0,7.0,1.0,0.0,0.0,4.0,0.0,6.0,0.0,0.0,6.0,0.0,5.0
683,0.0,0.0,15.0,48.0,37.0,5.0,2.0,0.0,0.0,4.0,0.0,5.0,0.0,0.0,7.0,2.0,5.0
684,0.0,0.0,13.0,38.0,36.0,7.0,1.0,0.0,0.0,4.0,0.0,6.0,0.0,0.0,5.0,0.0,5.0
685,0.0,0.0,13.0,40.0,39.0,5.0,1.0,0.0,0.0,5.0,0.0,5.0,0.0,1.0,6.0,0.0,6.0
686,1.0,0.0,14.0,43.0,35.0,12.0,5.0,0.0,0.0,6.0,0.0,6.0,0.0,1.0,9.0,0.0,5.0
687,0.0,0.0,14.0,45.0,37.0,5.0,0.0,0.0,0.0,5.0,0.0,5.0,0.0,1.0,7.0,2.0,6.0
688,0.0,0.0,13.0,42.0,38.0,6.0,1.0,0.0,0.0,4.0,0.0,6.0,0.0,0.0,5.0,0.0,5.0
689,0.0,0.0,13.0,50.0,39.0,6.0,2.0,0.0,0.0,3.0,0.0,5.0,0.0,0.0,5.0,0.0,5.0
690,0.0,0.0,12.0,44.0,38.0,6.0,1.0,0.0,0.0,3.0,0.0,6.0,0.0,0.0,5.0,0.0,6.0
691,0.0,0.0,13.0,52.0,36.0,5.0,3.0,0.0,0.0,3.0,0.0,5.0,0.0,0.0,5.0,1.0,5.0
692,0.0,0.0,13.0,45.0,38.0,5.0,0.0,0.0,0.0,3.0,0.0,5.0,0.0,0.0,6.0,0.0,5.0
693,0.0,0.0,13.0,49.0,43.0,7.0,1.0,0.0,0.0,3.0,0.0,4.0,0.0,0.0,5.0,0.0,4.0
694,0.0,0.0,13.0,49.0,40.0,4.0,1.0,0.0,0.0,3.0,0.0,6.0,0.0,0.0,7.0,1.0,4.0
695,0.0,0.0,12.0,51.0,40.0,4.0,0.0,0.0,0.0,3.0,0.0,4.0,0.0,0.0,4.0,1.0,4.0
696,0.0,1.0,12.0,51.0,40.0,6.0,2.0,0.0,0.0,3.0,0.0,5.0,0.0,0.0,4.0,1.0,4.0
697,0.0,0.0,13.0,57.0,41.0,4.0,1.0,0.0,0.0,3.0,0.0,4.0,0.0,0.0,6.0,1.0,4.0
698,0.0,0.0,15.0,46.0,39.0,4.0,0.0,0.0,0.0,4.0,0.0,5.0,0.0,0.0,4.0,3.0,4.0
699,0.0,0.0,13.0,52.0,39.0,8.0,2.0,0.0,0.0,3.0,0.0,4.0,0.0,0.0,7.0,0.0,4.0
700,0.0,0.0,14.0,52.0,40.0,4.0,0.0,0.0,0.0,3.0,0.0,5.0,0.0,0.0,4.0,3.0,4.0
701,0.0,0.0,13.0,45.0,39.0,7.0,3.0,0.0,0.0,3.0,0.0,4.0,0.0,0.0,5.0,2.0,4.0
702,0.0,0.0,13.0,56.0,44.0,4.0,2.0,0.0,0.0,3.0,0.0,5.0,0.0,0.0,8.0,2.0,4.0
703,0.0,0.0,15.0,44.0,39.0,6.0,1.0,0.0,0.0,3.0,0.0,4.0,0.0,0.0,4.0,0.0,4.0
704,0.0,0.0,13.0,53.0,40.0,4.0,1.0,0.0,0.0,3.0,0.0,5.0,0.0,1.0,6.0,0.0,4.0
705,0.0,0.0,13.0,55.0,41.0,4.0,3.0,0.0,0.0,2.0,0.0,6.0,0.0,0.0,8.0,0.0,4.0
706,0.0,0.0,14.0,52.0,39.0,6.0,1.0,0.0,0.0,4.0,0.0,5.0,0.0,0.0,8.0,4.0,8.0
707,0.0,0.0,17.0,53.0,39.0,6.0,0.0,0.0,0.0,4.0,0.0,4.0,0.0,0.0,4.0,0.0,4.0
708,0.0,0.0,15.0,49.0,41.0,4.0,1.0,0.0,0.0,4.0,0.0,6.0,0.0,0.0,4.0,1.0,4.0
709,0.0,0.0,14.0,44.0,41.0,6.0,1.0,0.0,0.0,4.0,0.0,5.0,0.0,0.0,5.0,0.0,4.0
710,1.0,0.0,15.0,53.0,40.0,9.0,0.0,0.0,0.0,3.0,0.0,6.0,0.0,0.0,5.0,1.0,6.0
711,0.0,0.0,15.0,52.0,39.0,8.0,3.0,0.0,0.0,3.0,0.0,5.0,0.0,0.0,6.0,1.0,5.0
712,0.0,0.0,15.0,50.0,43.0,7.0,0.0,0.0,0.0,4.0,0.0,6.0,0.0,0.0,7.0,1.0,5.0
713,0.0,0.0,15.0,53.0,47.0,5.0,0.0,0.0,0.0,4.0,0.0,5.0,0.0,0.0,7.0,0.0,5.0
714,0.0,0.0,14.0,52.0,40.0,5.0,1.0,0.0,0.0,3.0,0.0,6.0,0.0,0.0,6.0,0.0,6.0
715,0.0,0.0,14.0,57.0,42.0,5.0,0.0,0.0,0.0,3.0,0.0,4.0,0.0,0.0,5.0,1.0,5.0
716,0.0,0.0,17.0,47.0,40.0,6.0,0.0,0.0,0.0,3.0,0.0,5.0,0.0,0.0,6.0,0.0,5.0
717,0.0,0.0,15.0,51.0,43.0,5.0,1.0,0.0,0.0,3.0,0.0,4.0,0.0,0.0,6.0,1.0,4.0
718,0.0,0.0,14.0,59.0,43.0,4.0,0.0,0.0,0.0,3.0,0.0,5.0,0.0,0.0,4.0,1.0,4.0
719,0.0,1.0,14.0,50.0,47.0,4.0,1.0,0.0,0.0,2.0,0.0,5.0,0.0,0.0,4.0,2.0,4.0
720,0.0,0.0,13.0,58.0,44.0,4.0,1.0,0.0,0.0,3.0,0.0,5.0,0.0,0.0,5.0,1.0,5.0
721,0.0,0.0,14.0,57.0,44.0,4.0,1.0,0.0,0.0,5.0,0.0,4.0,1.0,0.0,5.0,1.0,4.0
722,0.0,0.0,15.0,57.0,42.0,5.0,0.0,0.0,0.0,3.0,0.0,6.0,0.0,0.0,6.0,0.0,5.0
723,0.0,0.0,13.0,49.0,45.0,7.0,1.0,0.0,0.0,2.0,0.0,6.0,0.0,0.0,6.0,0.0,6.0
724,0.0,0.0,15.0,48.0,43.0,6.0,0.0,0.0,0.0,2.0,0.0,7.0,0.0,0.0,6.0,2.0,6.0
725,0.0,0.0,13.0,48.0,43.0,8.0,2.0,0.0,0.0,3.0,0.0,6.0,0.0,0.0,6.0,1.0,6.0
726,0.0,0.0,13.0,53.0,43.0,7.0,0.0,0.0,0.0,4.0,0.0,8.0,1.0,1.0,8.0,1.0,7.0
727,0.0,0.0,15.0,45.0,42.0,9.0,1.0,0.0,0.0,2.0,0.0,7.0,1.0,0.0,7.0,3.0,8.0
728,0.0,0.0,16.0,57.0,40.0,8.0,3.0,0.0,0.0,4.0,0.0,8.0,0.0,0.0,9.0,1.0,7.0
729,0.0,0.0,14.0,58.0,44.0,8.0,3.0,0.0,0.0,2.0,0.0,7.0,1.0,0.0,8.0,1.0,7.0
730,0.0,0.0,14.0,53.0,41.0,8.0,1.0,0.0,0.0,2.0,0.0,7.0,0.0,0.0,9.0,1.0,6.0
731,0.0,0.0,15.0,52.0,48.0,6.0,1.0,0.0,0.0,4.0,0.0,6.0,0.0,1.0,8.0,1.0,6.0
732,0.0,0.0,14.0,51.0,48.0,6.0,1.0,0.0,0.0,5.0,0.0,7.0,0.0,0.0,6.0,1.0,6.0
733,0.0,0.0,15.0,55.0,44.0,8.0,0.0,0.0,0.0,3.0,0.0,6.0,0.0,0.0,7.0,0.0,7.0
734,0.0,0.0,13.0,56.0,40.0,6.0,0.0,0.0,0.0,3.0,0.0,7.0,0.0,1.0,8.0,0.0,6.0
735,2.0,0.0,14.0,49.0,40.0,6.0,1.0,0.0,0.0,3.0,0.0,6.0,1.0,0.0,6.0,1.0,9.0
736,0.0,0.0,14.0,78.0,40.0,7.0,1.0,0.0,0.0,2.0,0.0,7.0,0.0,0.0,7.0,2.0,7.0
737,0.0,0.0,15.0,50.0,38.0,7.0,1.0,0.0,0.0,3.0,0.0,9.0,0.0,0.0,7.0,1.0,7.0
738,0.0,0.0,14.0,53.0,40.0,9.0,1.0,0.0,0.0,3.0,0.0,7.0,0.0,0.0,11.0,1.0,7.0
739,0.0,0.0,16.0,62.0,39.0,8.0,1.0,0.0,0.0,2.0,0.0,6.0,0.0,0.0,9.0,1.0,7.0
740,0.0,0.0,15.0,55.0,43.0,7.0,0.0,0.0,0.0,2.0,0.0,8.0,0.0,0.0,7.0,0.0,7.0
741,0.0,0.0,17.0,56.0,40.0,8.0,0.0,0.0,0.0,2.0,0.0,7.0,0.0,0.0,7.0,2.0,7.0
742,0.0,0.0,16.0,52.0,41.0,8.0,1.0,0.0,0.0,3.0,0.0,8.0,0.0,1.0,8.0,0.0,7.0
743,0.0,0.0,19.0,54.0,45.0,11.0,4.0,0.0,0.0,2.0,0.0,8.0,1.0,0.0,10.0,0.0,8.0
744,0.0,0.0,14.0,55.0,39.0,11.0,1.0,0.0,0.0,2.0,0.0,9.0,0.0,0.0,9.0,0.0,8.0
745,0.0,0.0,18.0,58.0,39.0,12.0,3.0,1.0,0.0,2.0,0.0,8.0,0.0,0.0,9.0,0.0,8.0
746,0.0,0.0,14.0,57.0,39.0,10.0,3.0,0.0,0.0,2.0,0.0,9.0,0.0,0.0,8.0,0.0,12.0
747,0.0,0.0,14.0,71.0,40.0,8.0,0.0,0.0,0.0,2.0,0.0,8.0,0.0,0.0,9.0,2.0,8.0
748,0.0,0.0,15.0,61.0,39.0,8.0,1.0,0.0,0.0,2.0,0.0,9.0,0.0,0.0,8.0,0.0,8.0
749,0.0,0.0,17.0,56.0,40.0,10.0,2.0,0.0,0.0,2.0,0.0,8.0,0.0,0.0,10.0,1.0,8.0
750,0.0,0.0,18.0,55.0,40.0,10.0,2.0,0.0,0.0,2.0,0.0,10.0,0.0,0.0,8.0,1.0,8.0
751,0.0,0.0,17.0,54.0,37.0,8.0,1.0,0.0,0.0,2.0,0.0,8.0,1.0,0.0,9.0,0.0,9.0
752,0.0,0.0,15.0,65.0,38.0,9.0,0.0,0.0,0.0,2.0,0.0,9.0,0.0,0.0,11.0,1.0,9.0
753,0.0,0.0,14.0,56.0,38.0,11.0,2.0,0.0,0.0,2.0,0.0,8.0,0.0,0.0,8.0,1.0,8.0
754,1.0,0.0,15.0,56.0,39.0,10.0,1.0,0.0,0.0,3.0,0.0,9.0,0.0,0.0,9.0,0.0,8.0
755,1.0,0.0,15.0,58.0,38.0,10.0,3.0,0.0,0.0,2.0,0.0,8.0,0.0,0.0,8.0,1.0,8.0
756,0.0,0.0,17.0,54.0,38.0,8.0,0.0,0.0,0.0,2.0,0.0,9.0,0.0,0.0,10.0,0.0,8.0
757,0.0,0.0,18.0,53.0,37.0,13.0,4.0,0.0,0.0,4.0,0.0,8.0,0.0,0.0,13.0,0.0,8.0
758,0.0,0.0,17.0,54.0,40.0,8.0,1.0,0.0,0.0,4.0,0.0,9.0,0.0,0.0,8.0,0.0,9.0
759,0.0,0.0,15.0,53.0,42.0,8.0,0.0,0.0,0.0,3.0,0.0,8.0,0.0,0.0,8.0,0.0,8.0
760,0.0,0.0,15.0,57.0,39.0,11.0,1.0,0.0,0.0,4.0,0.0,9.0,1.0,0.0,10.0,0.0,8.0
761,1.0,0.0,15.0,51.0,41.0,11.0,0.0,0.0,0.0,3.0,0.0,8.0,0.0,0.0,9.0,1.0,8.0
762,0.0,0.0,15.0,54.0,38.0,8.0,1.0,0.0,0.0,4.0,0.0,9.0,0.0,0.0,8.0,2.0,8.0
763,0.0,0.0,16.0,53.0,37.0,8.0,3.0,0.0,0.0,3.0,0.0,8.0,0.0,0.0,10.0,1.0,8.0
764,0.0,0.0,18.0,55.0,38.0,9.0,2.0,0.0,0.0,4.0,0.0,9.0,0.0,0.0,10.0,1.0,8.0
765,0.0,0.0,15.0,62.0,41.0,9.0,1.0,0.0,0.0,4.0,0.0,8.0,0.0,0.0,10.0,0.0,9.0
766,0.0,0.0,15.0,52.0,43.0,10.0,0.0,0.0,0.0,3.0,0.0,11.0,0.0,0.0,11.0,1.0,10.0
767,0.0,0.0,15.0,55.0,40.0,10.0,1.0,0.0,0.0,3.0,0.0,10.0,0.0,0.0,10.0,0.0,10.0
768,0.0,0.0,15.0,43.0,39.0,12.0,0.0,0.0,0.0,4.0,0.0,11.0,0.0,0.0,11.0,1.0,10.0
769,0.0,0.0,16.0,53.0,38.0,10.0,0.0,0.0,0.0,3.0,0.0,10.0,1.0,0.0,11.0,0.0,10.0
770,0.0,0.0,16.0,43.0,42.0,10.0,0.0,0.0,0.0,3.0,0.0,11.0,0.0,0.0,13.0,3.0,10.0
771,0.0,0.0,14.0,53.0,39.0,11.0,0.0,0.0,0.0,3.0,0.0,11.0,0.0,0.0,12.0,0.0,11.0
772,0.0,0.0,15.0,49.0,39.0,11.0,2.0,0.0,0.0,4.0,0.0,12.0,0.0,0.0,13.0,2.0,12.0
773,0.0,0.0,15.0,53.0,40.0,15.0,5.0,0.0,0.0,3.0,0.0,11.0,0.0,0.0,12.0,2.0,11.0
774,0.0,0.0,18.0,48.0,37.0,12.0,0.0,0.0,0.0,3.0,0.0,11.0,0.0,0.0,12.0,1.0,11.0
775,0.0,0.0,14.0,53.0,41.0,11.0,1.0,0.0,0.0,3.0,0.0,11.0,0.0,1.0,13.0,3.0,14.0
776,0.0,0.0,14.0,53.0,38.0,12.0,0.0,1.0,0.0,5.0,0.0,11.0,0.0,0.0,12.0,2.0,12.0
777,1.0,0.0,14.0,51.0,37.0,12.0,1.0,1.0,0.0,6.0,0.0,13.0,0.0,1.0,12.0,1.0,11.0
778,0.0,0.0,16.0,48.0,39.0,11.0,0.0,1.0,0.0,6.0,0.0,11.0,0.0,0.0,12.0,1.0,11.0
779,0.0,0.0,16.0,50.0,39.0,11.0,0.0,1.0,0.0,6.0,0.0,10.0,0.0,1.0,11.0,0.0,11.0
780,0.0,0.0,16.0,43.0,38.0,14.0,3.0,1.0,0.0,6.0,0.0,11.0,0.0,0.0,12.0,1.0,11.0
781,0.0,0.0,16.0,47.0,38.0,11.0,0.0,1.0,0.0,7.0,0.0,10.0,0.0,1.0,10.0,0.0,10.0
782,0.0,0.0,17.0,44.0,40.0,11.0,1.0,1.0,0.0,8.0,0.0,12.0,0.0,0.0,11.0,1.0,11.0
783,0.0,0.0,16.0,44.0,38.0,13.0,2.0,1.0,0.0,7.0,0.0,11.0,0.0,1.0,11.0,0.0,12.0
784,0.0,0.0,18.0,47.0,38.0,11.0,1.0,1.0,0.0,9.0,0.0,12.0,0.0,0.0,12.0,1.0,11.0
785,0.0,0.0,17.0,44.0,38.0,13.0,0.0,1.0,0.0,6.0,0.0,10.0,0.0,1.0,12.0,0.0,11.0
786,0.0,1.0,17.0,41.0,38.0,19.0,5.0,1.0,0.0,6.0,0.0,11.0,0.0,0.0,13.0,1.0,10.0
787,0.0,0.0,17.0,42.0,40.0,11.0,1.0,1.0,0.0,11.0,0.0,9.0,1.0,0.0,13.0,0.0,9.0
788,0.0,0.0,18.0,39.0,39.0,10.0,1.0,1.0,0.0,9.0,0.0,10.0,0.0,0.0,10.0,1.0,9.0
789,0.0,0.0,17.0,42.0,42.0,9.0,0.0,1.0,0.0,6.0,0.0,9.0,0.0,0.0,10.0,1.0,9.0
790,0.0,0.0,17.0,43.0,43.0,9.0,0.0,1.0,0.0,8.0,0.0,10.0,0.0,0.0,9.0,0.0,9.0
791,0.0,0.0,17.0,42.0,42.0,12.0,2.0,1.0,0.0,6.0,0.0,9.0,0.0,0.0,10.0,1.0,9.0
792,0.0,0.0,17.0,40.0,41.0,10.0,0.0,1.0,0.0,5.0,0.0,10.0,0.0,0.0,10.0,1.0,9.0
793,0.0,0.0,16.0,47.0,41.0,10.0,1.0,1.0,0.0,5.0,0.0,9.0,1.0,0.0,9.0,0.0,10.0
794,0.0,0.0,16.0,42.0,42.0,13.0,0.0,1.0,0.0,4.0,0.0,10.0,0.0,0.0,9.0,0.0,10.0
795,0.0,0.0,17.0,39.0,43.0,13.0,0.0,1.0,0.0,4.0,0.0,10.0,0.0,0.0,10.0,1.0,10.0
796,0.0,0.0,17.0,40.0,43.0,13.0,0.0,1.0,0.0,4.0,0.0,10.0,0.0,0.0,9.0,0.0,10.0
797,0.0,0.0,17.0,43.0,45.0,16.0,2.0,1.0,0.0,4.0,0.0,9.0,0.0,0.0,12.0,1.0,10.0
798,0.0,0.0,19.0,41.0,42.0,13.0,0.0,1.0,0.0,5.0,0.0,10.0,0.0,0.0,11.0,0.0,10.0
799,0.0,0.0,19.0,43.0,40.0,10.0,2.0,1.0,0.0,5.0,0.0,9.0,0.0,0.0,12.0,2.0,9.0
800,0.0,0.0,17.0,44.0,41.0,9.0,0.0,1.0,0.0,5.0,0.0,10.0,1.0,0.0,9.0,2.0,9.0
801,0.0,0.0,20.0,47.0,44.0,9.0,1.0,1.0,0.0,5.0,0.0,9.0,0.0,0.0,10.0,0.0,9.0
802,0.0,0.0,16.0,41.0,40.0,9.0,0.0,1.0,0.0,6.0,0.0,10.0,0.0,1.0,9.0,0.0,10.0
803,0.0,0.0,17.0,42.0,41.0,9.0,0.0,1.0,0.0,6.0,0.0,9.0,0.0,0.0,11.0,1.0,9.0
804,0.0,0.0,18.0,43.0,39.0,10.0,0.0,1.0,0.0,6.0,0.0,12.0,0.0,0.0,11.0,0.0,9.0
805,0.0,0.0,18.0,41.0,42.0,10.0,0.0,1.0,0.0,6.0,0.0,9.0,0.0,0.0,9.0,3.0,9.0
806,0.0,0.0,17.0,45.0,41.0,11.0,1.0,1.0,0.0,6.0,0.0,10.0,0.0,1.0,10.0,1.0,10.0
807,0.0,0.0,16.0,41.0,43.0,9.0,1.0,1.0,0.0,5.0,0.0,9.0,0.0,1.0,9.0,0.0,10.0
808,0.0,0.0,17.0,45.0,41.0,9.0,0.0,1.0,0.0,5.0,0.0,10.0,0.0,1.0,9.0,0.0,9.0
809,0.0,0.0,17.0,42.0,42.0,10.0,0.0,1.0,0.0,5.0,0.0,9.0,0.0,1.0,9.0,1.0,9.0
810,0.0,0.0,19.0,43.0,42.0,10.0,1.0,1.0,0.0,6.0,0.0,10.0,0.0,1.0,10.0,2.0,9.0
811,0.0,0.0,19.0,40.0,45.0,10.0,1.0,1.0,0.0,6.0,0.0,10.0,0.0,1.0,10.0,1.0,10.0
812,0.0,1.0,17.0,47.0,42.0,11.0,1.0,1.0,0.0,5.0,0.0,11.0,0.0,1.0,10.0,0.0,10.0
813,1.0,0.0,15.0,42.0,40.0,11.0,2.0,1.0,0.0,6.0,0.0,10.0,0.0,0.0,10.0,0.0,10.0
814,0.0,0.0,16.0,37.0,43.0,11.0,1.0,1.0,0.0,5.0,0.0,11.0,0.0,0.0,11.0,2.0,10.0
815,0.0,0.0,15.0,34.0,46.0,11.0,1.0,1.0,0.0,5.0,0.0,10.0,0.0,0.0,12.0,2.0,10.0
816,2.0,0.0,16.0,35.0,43.0,15.0,1.0,1.0,0.0,6.0,0.0,12.0,0.0,0.0,12.0,0.0,12.0
817,0.0,0.0,15.0,40.0,42.0,12.0,2.0,1.0,0.0,4.0,0.0,10.0,0.0,0.0,11.0,0.0,10.0
818,0.0,0.0,18.0,41.0,43.0,13.0,3.0,1.0,0.0,5.0,0.0,11.0,0.0,0.0,13.0,0.0,10.0
819,0.0,0.0,16.0,37.0,41.0,12.0,2.0,1.0,0.0,6.0,0.0,10.0,0.0,0.0,11.0,1.0,10.0
820,1.0,0.0,15.0,41.0,38.0,12.0,0.0,1.0,0.0,6.0,0.0,14.0,0.0,0.0,11.0,1.0,11.0
821,0.0,0.0,17.0,46.0,39.0,12.0,2.0,1.0,0.0,4.0,0.0,10.0,0.0,0.0,13.0,0.0,12.0
822,0.0,0.0,16.0,41.0,40.0,11.0,1.0,1.0,0.0,6.0,0.0,10.0,0.0,0.0,10.0,0.0,10.0
823,1.0,0.0,17.0,41.0,42.0,11.0,2.0,1.0,0.0,4.0,0.0,8.0,0.0,0.0,10.0,1.0,8.0
824,1.0,0.0,15.0,36.0,43.0,10.0,0.0,0.0,0.0,7.0,0.0,9.0,0.0,0.0,9.0,1.0,10.0
825,0.0,0.0,15.0,45.0,43.0,10.0,1.0,0.0,0.0,4.0,0.0,8.0,0.0,0.0,8.0,0.0,8.0
826,0.0,0.0,17.0,40.0,42.0,8.0,0.0,0.0,0.0,3.0,0.0,9.0,0.0,0.0,8.0,3.0,8.0
827,1.0,0.0,17.0,43.0,40.0,11.0,1.0,0.0,0.0,5.0,0.0,8.0,1.0,0.0,11.0,1.0,8.0
828,0.0,0.0,17.0,52.0,41.0,10.0,2.0,0.0,0.0,3.0,0.0,9.0,0.0,0.0,10.0,2.0,8.0
829,0.0,0.0,17.0,47.0,39.0,8.0,0.0,0.0,0.0,3.0,0.0,8.0,0.0,0.0,9.0,0.0,8.0
830,0.0,0.0,16.0,48.0,42.0,10.0,1.0,0.0,0.0,4.0,0.0,11.0,0.0,0.0,9.0,1.0,8.0
831,0.0,0.0,16.0,44.0,49.0,12.0,0.0,0.0,0.0,3.0,0.0,8.0,0.0,0.0,10.0,1.0,8.0
832,0.0,0.0,18.0,40.0,42.0,8.0,0.0,0.0,0.0,3.0,0.0,9.0,1.0,0.0,8.0,0.0,9.0
833,1.0,0.0,16.0,46.0,42.0,9.0,1.0,0.0,0.0,4.0,0.0,8.0,0.0,0.0,9.0,1.0,8.0
834,0.0,0.0,17.0,55.0,39.0,8.0,2.0,0.0,0.0,4.0,0.0,10.0,0.0,0.0,11.0,1.0,8.0
835,1.0,0.0,16.0,40.0,39.0,10.0,1.0,0.0,0.0,3.0,0.0,8.0,0.0,0.0,9.0,0.0,8.0
836,1.0,0.0,17.0,46.0,38.0,8.0,0.0,0.0,0.0,3.0,0.0,9.0,0.0,0.0,8.0,1.0,8.0
837,0.0,0.0,18.0,50.0,38.0,13.0,4.0,0.0,0.0,3.0,0.0,9.0,0.0,0.0,9.0,0.0,8.0
838,0.0,0.0,17.0,41.0,43.0,13.0,5.0,0.0,0.0,6.0,0.0,9.0,0.0,0.0,11.0,1.0,9.0
839,0.0,0.0,19.0,50.0,37.0,10.0,1.0,0.0,0.0,5.0,0.0,8.0,0.0,0.0,10.0,0.0,9.0
840,0.0,0.0,19.0,48.0,37.0,9.0,1.0,0.0,0.0,4.0,0.0,10.0,0.0,0.0,9.0,0.0,10.0
841,0.0,0.0,19.0,45.0,36.0,9.0,1.0,0.0,0.0,4.0,0.0,8.0,0.0,0.0,11.0,0.0,8.0
842,0.0,0.0,21.0,44.0,41.0,8.0,0.0,0.0,0.0,5.0,0.0,9.0,0.0,0.0,8.0,2.0,8.0
843,0.0,0.0,22.0,45.0,40.0,8.0,0.0,0.0,0.0,4.0,0.0,8.0,0.0,0.0,8.0,3.0,8.0
844,2.0,0.0,20.0,45.0,37.0,14.0,2.0,0.0,0.0,5.0,0.0,9.0,0.0,0.0,9.0,0.0,10.0
845,1.0,0.0,19.0,47.0,37.0,14.0,0.0,0.0,0.0,4.0,0.0,8.0,0.0,0.0,9.0,0.0,9.0
846,3.0,0.0,22.0,46.0,37.0,14.0,1.0,0.0,0.0,4.0,0.0,10.0,0.0,0.0,9.0,0.0,9.0
847,1.0,0.0,19.0,51.0,41.0,12.0,1.0,0.0,0.0,4.0,0.0,8.0,0.0,0.0,12.0,2.0,9.0
848,0.0,2.0,21.0,45.0,37.0,8.0,0.0,0.0,0.0,4.0,0.0,9.0,0.0,0.0,11.0,1.0,8.0
849,0.0,0.0,19.0,53.0,32.0,13.0,4.0,0.0,0.0,4.0,0.0,8.0,0.0,0.0,10.0,0.0,8.0
850,0.0,0.0,19.0,57.0,38.0,8.0,0.0,0.0,0.0,4.0,0.0,9.0,0.0,0.0,8.0,4.0,8.0
851,0.0,0.0,22.0,51.0,37.0,9.0,1.0,0.0,0.0,4.0,0.0,8.0,0.0,0.0,10.0,1.0,8.0
852,0.0,0.0,20.0,52.0,36.0,8.0,1.0,0.0,0.0,4.0,0.0,9.0,0.0,0.0,10.0,0.0,10.0
853,0.0,0.0,22.0,58.0,34.0,8.0,3.0,0.0,0.0,5.0,0.0,8.0,0.0,0.0,10.0,0.0,8.0
854,0.0,0.0,19.0,50.0,36.0,9.0,0.0,0.0,0.0,5.0,0.0,9.0,0.0,0.0,9.0,0.0,8.0
855,0.0,0.0,19.0,52.0,38.0,8.0,0.0,0.0,0.0,4.0,0.0,8.0,0.0,0.0,8.0,0.0,8.0
856,1.0,1.0,20.0,50.0,37.0,11.0,0.0,0.0,0.0,5.0,0.0,10.0,0.0,0.0,12.0,0.0,9.0
857,0.0,0.0,18.0,50.0,36.0,10.0,1.0,0.0,0.0,5.0,1.0,10.0,1.0,1.0,12.0,0.0,9.0
858,0.0,0.0,18.0,49.0,33.0,10.0,0.0,0.0,0.0,3.0,0.0,10.0,0.0,0.0,10.0,0.0,11.0
859,0.0,0.0,18.0,52.0,36.0,10.0,1.0,0.0,0.0,4.0,0.0,8.0,0.0,0.0,10.0,0.0,10.0
860,0.0,0.0,19.0,47.0,33.0,12.0,2.0,0.0,0.0,4.0,0.0,9.0,0.0,0.0,11.0,2.0,10.0
861,0.0,0.0,23.0,46.0,33.0,13.0,1.0,0.0,0.0,4.0,0.0,8.0,0.0,0.0,11.0,3.0,10.0
862,0.0,0.0,18.0,49.0,33.0,10.0,0.0,0.0,0.0,3.0,0.0,9.0,0.0,0.0,10.0,0.0,10.0
863,1.0,1.0,18.0,53.0,34.0,12.0,2.0,0.0,0.0,4.0,0.0,8.0,0.0,0.0,8.0,2.0,8.0
864,0.0,0.0,17.0,49.0,36.0,14.0,2.0,0.0,0.0,4.0,0.0,9.0,0.0,0.0,9.0,1.0,9.0
865,0.0,0.0,18.0,49.0,35.0,15.0,4.0,0.0,0.0,3.0,0.0,8.0,0.0,0.0,10.0,0.0,9.0
866,0.0,0.0,17.0,49.0,35.0,8.0,2.0,0.0,0.0,6.0,0.0,10.0,1.0,0.0,8.0,0.0,8.0
867,0.0,0.0,17.0,48.0,35.0,8.0,1.0,0.0,0.0,4.0,0.0,8.0,0.0,0.0,10.0,1.0,8.0
868,0.0,0.0,17.0,46.0,36.0,8.0,2.0,0.0,0.0,5.0,0.0,9.0,0.0,0.0,9.0,1.0,8.0
869,0.0,0.0,17.0,44.0,36.0,8.0,0.0,0.0,0.0,4.0,0.0,8.0,0.0,0.0,8.0,0.0,8.0
870,0.0,0.0,17.0,44.0,37.0,10.0,3.0,0.0,0.0,3.0,0.0,9.0,0.0,1.0,8.0,1.0,8.0
871,0.0,0.0,17.0,50.0,40.0,8.0,2.0,0.0,0.0,5.0,0.0,8.0,1.0,0.0,9.0,1.0,8.0
872,0.0,0.0,18.0,46.0,38.0,8.0,3.0,0.0,0.0,3.0,0.0,9.0,0.0,0.0,8.0,2.0,8.0
873,1.0,0.0,19.0,44.0,35.0,9.0,0.0,0.0,0.0,3.0,0.0,8.0,0.0,0.0,9.0,2.0,8.0
874,0.0,0.0,18.0,50.0,34.0,10.0,0.0,0.0,0.0,5.0,0.0,9.0,0.0,0.0,9.0,1.0,8.0
875,0.0,0.0,18.0,54.0,36.0,8.0,2.0,0.0,0.0,3.0,0.0,8.0,0.0,0.0,10.0,0.0,9.0
876,1.0,0.0,17.0,47.0,38.0,10.0,1.0,0.0,0.0,4.0,0.0,9.0,0.0,0.0,10.0,0.0,8.0
877,1.0,0.0,18.0,46.0,39.0,12.0,0.0,0.0,0.0,5.0,0.0,8.0,1.0,0.0,8.0,0.0,9.0
878,0.0,0.0,16.0,42.0,37.0,8.0,1.0,0.0,0.0,6.0,0.0,9.0,0.0,1.0,9.0,1.0,8.0
879,0.0,0.0,19.0,50.0,35.0,9.0,4.0,0.0,0.0,3.0,0.0,8.0,0.0,0.0,10.0,0.0,8.0
880,0.0,0.0,18.0,45.0,36.0,8.0,1.0,0.0,0.0,4.0,0.0,9.0,0.0,0.0,9.0,0.0,8.0
881,0.0,0.0,17.0,43.0,34.0,8.0,0.0,0.0,0.0,3.0,0.0,8.0,0.0,0.0,8.0,0.0,8.0
882,1.0,0.0,18.0,43.0,33.0,8.0,3.0,0.0,0.0,4.0,0.0,11.0,0.0,0.0,9.0,2.0,8.0
883,0.0,0.0,22.0,43.0,36.0,8.0,2.0,0.0,0.0,4.0,0.0,8.0,0.0,0.0,9.0,1.0,8.0
884,0.0,0.0,18.0,40.0,35.0,9.0,2.0,0.0,0.0,3.0,0.0,10.0,1.0,0.0,9.0,0.0,9.0
885,0.0,0.0,22.0,48.0,34.0,8.0,0.0,0.0,0.0,4.0,0.0,8.0,0.0,0.0,8.0,0.0,9.0
886,0.0,0.0,19.0,45.0,34.0,8.0,1.0,0.0,0.0,4.0,0.0,9.0,0.0,0.0,8.0,1.0,8.0
887,0.0,0.0,20.0,53.0,35.0,8.0,4.0,0.0,0.0,3.0,0.0,8.0,0.0,1.0,9.0,1.0,8.0
888,0.0,0.0,19.0,46.0,34.0,10.0,1.0,0.0,0.0,6.0,0.0,9.0,2.0,0.0,9.0,0.0,8.0
889,0.0,0.0,18.0,48.0,32.0,8.0,0.0,0.0,0.0,3.0,0.0,8.0,0.0,0.0,8.0,1.0,8.0
890,0.0,0.0,18.0,46.0,31.0,8.0,1.0,0.0,0.0,3.0,0.0,9.0,0.0,0.0,10.0,0.0,8.0
891,0.0,0.0,20.0,49.0,37.0,8.0,2.0,0.0,0.0,5.0,0.0,8.0,0.0,2.0,8.0,0.0,8.0
892,0.0,0.0,19.0,46.0,34.0,10.0,1.0,0.0,0.0,6.0,0.0,9.0,0.0,1.0,8.0,2.0,8.0
893,0.0,0.0,21.0,44.0,33.0,9.0,0.0,0.0,0.0,3.0,0.0,8.0,0.0,2.0,9.0,0.0,8.0
894,0.0,0.0,19.0,48.0,35.0,8.0,1.0,0.0,0.0,5.0,0.0,9.0,0.0,1.0,8.0,1.0,10.0
895,0.0,0.0,19.0,45.0,33.0,10.0,1.0,0.0,0.0,3.0,0.0,8.0,0.0,0.0,10.0,0.0,8.0
896,0.0,0.0,21.0,38.0,33.0,10.0,2.0,0.0,0.0,4.0,0.0,9.0,0.0,0.0,9.0,1.0,8.0
897,0.0,0.0,19.0,40.0,33.0,9.0,1.0,0.0,0.0,4.0,0.0,8.0,0.0,0.0,8.0,1.0,9.0
898,0.0,0.0,18.0,44.0,35.0,12.0,2.0,0.0,0.0,4.0,0.0,9.0,0.0,0.0,8.0,0.0,8.0
899,0.0,0.0,19.0,53.0,33.0,9.0,0.0,0.0,0.0,4.0,0.0,8.0,0.0,0.0,8.0,1.0,8.0
900,0.0,0.0,19.0,45.0,32.0,8.0,1.0,0.0,0.0,3.0,0.0,9.0,0.0,0.0,9.0,0.0,9.0
901,0.0,0.0,19.0,43.0,34.0,10.0,0.0,0.0,0.0,3.0,0.0,8.0,0.0,0.0,11.0,0.0,8.0
902,0.0,0.0,18.0,39.0,38.0,10.0,3.0,0.0,0.0,3.0,0.0,9.0,0.0,0.0,8.0,0.0,8.0
903,0.0,0.0,18.0,43.0,34.0,8.0,0.0,0.0,0.0,3.0,0.0,8.0,0.0,0.0,9.0,1.0,8.0
904,0.0,1.0,19.0,40.0,35.0,9.0,2.0,0.0,0.0,4.0,0.0,9.0,1.0,0.0,8.0,0.0,8.0
905,0.0,0.0,18.0,42.0,42.0,8.0,0.0,0.0,0.0,4.0,0.0,8.0,0.0,0.0,12.0,0.0,9.0
906,0.0,0.0,18.0,48.0,37.0,8.0,1.0,0.0,0.0,3.0,0.0,9.0,0.0,1.0,9.0,1.0,8.0
907,0.0,0.0,18.0,45.0,38.0,9.0,0.0,0.0,0.0,3.0,0.0,8.0,0.0,0.0,8.0,0.0,8.0
908,0.0,0.0,18.0,35.0,37.0,9.0,1.0,0.0,0.0,3.0,0.0,9.0,1.0,0.0,8.0,2.0,8.0
909,0.0,0.0,18.0,43.0,37.0,11.0,0.0,0.0,0.0,3.0,0.0,8.0,0.0,0.0,11.0,1.0,8.0
910,0.0,0.0,18.0,49.0,36.0,9.0,1.0,0.0,0.0,3.0,0.0,11.0,1.0,0.0,8.0,3.0,8.0
911,0.0,0.0,18.0,41.0,41.0,8.0,0.0,0.0,0.0,2.0,0.0,8.0,0.0,1.0,9.0,0.0,8.0
912,0.0,0.0,18.0,52.0,37.0,9.0,1.0,0.0,0.0,2.0,0.0,10.0,0.0,1.0,8.0,1.0,8.0
913,0.0,0.0,21.0,49.0,34.0,8.0,1.0,0.0,0.0,2.0,0.0,8.0,0.0,1.0,8.0,0.0,8.0
914,0.0,0.0,20.0,48.0,35.0,9.0,2.0,0.0,0.0,2.0,0.0,9.0,0.0,1.0,9.0,0.0,8.0
915,0.0,0.0,23.0,61.0,36.0,8.0,0.0,0.0,0.0,2.0,0.0,8.0,0.0,1.0,8.0,0.0,8.0
916,0.0,0.0,20.0,43.0,41.0,8.0,2.0,0.0,0.0,3.0,0.0,9.0,0.0,1.0,9.0,2.0,8.0
917,1.0,0.0,21.0,48.0,39.0,9.0,1.0,0.0,0.0,3.0,0.0,8.0,0.0,1.0,10.0,0.0,8.0
918,0.0,0.0,19.0,43.0,37.0,10.0,0.0,0.0,0.0,2.0,0.0,9.0,0.0,1.0,10.0,0.0,11.0
919,0.0,0.0,19.0,47.0,38.0,10.0,1.0,0.0,0.0,2.0,0.0,8.0,0.0,1.0,8.0,1.0,8.0
920,1.0,0.0,24.0,50.0,37.0,8.0,0.0,0.0,0.0,4.0,0.0,11.0,0.0,1.0,11.0,1.0,9.0
921,0.0,0.0,21.0,45.0,35.0,12.0,2.0,0.0,0.0,2.0,0.0,9.0,0.0,1.0,13.0,0.0,9.0
922,0.0,0.0,20.0,55.0,36.0,11.0,2.0,0.0,0.0,2.0,0.0,10.0,0.0,1.0,10.0,2.0,10.0
923,0.0,0.0,20.0,47.0,36.0,13.0,2.0,0.0,0.0,3.0,0.0,9.0,0.0,1.0,11.0,1.0,9.0
924,0.0,0.0,21.0,46.0,41.0,9.0,0.0,0.0,0.0,3.0,0.0,10.0,0.0,1.0,9.0,0.0,10.0
925,0.0,0.0,20.0,42.0,35.0,9.0,0.0,0.0,0.0,2.0,0.0,9.0,0.0,1.0,11.0,0.0,9.0
926,0.0,0.0,19.0,42.0,36.0,9.0,0.0,0.0,0.0,2.0,0.0,11.0,0.0,1.0,10.0,1.0,9.0
927,0.0,0.0,21.0,44.0,35.0,10.0,2.0,0.0,0.0,2.0,0.0,9.0,0.0,1.0,10.0,1.0,9.0
928,0.0,0.0,19.0,51.0,35.0,9.0,1.0,0.0,0.0,2.0,0.0,10.0,1.0,1.0,9.0,0.0,10.0
929,0.0,0.0,21.0,48.0,34.0,9.0,1.0,0.0,0.0,4.0,0.0,8.0,1.0,1.0,9.0,1.0,10.0
930,1.0,0.0,20.0,44.0,36.0,11.0,1.0,0.0,0.0,3.0,0.0,10.0,0.0,1.0,10.0,0.0,9.0
931,0.0,0.0,19.0,54.0,37.0,9.0,1.0,0.0,0.0,3.0,0.0,8.0,0.0,1.0,9.0,0.0,9.0
932,0.0,0.0,20.0,44.0,35.0,13.0,5.0,0.0,0.0,3.0,0.0,12.0,1.0,1.0,10.0,0.0,9.0
933,0.0,0.0,21.0,44.0,38.0,10.0,0.0,0.0,0.0,4.0,0.0,9.0,0.0,1.0,10.0,0.0,9.0
934,1.0,0.0,19.0,42.0,39.0,12.0,0.0,0.0,0.0,3.0,0.0,10.0,0.0,1.0,10.0,1.0,9.0
935,0.0,0.0,20.0,47.0,38.0,14.0,1.0,0.0,0.0,2.0,0.0,8.0,0.0,2.0,11.0,1.0,8.0
936,0.0,0.0,19.0,43.0,37.0,9.0,0.0,0.0,0.0,3.0,1.0,9.0,0.0,1.0,8.0,0.0,8.0
937,0.0,0.0,20.0,40.0,38.0,10.0,1.0,0.0,0.0,4.0,0.0,8.0,0.0,1.0,8.0,0.0,8.0
938,0.0,0.0,22.0,42.0,38.0,8.0,2.0,0.0,0.0,4.0,0.0,9.0,0.0,1.0,8.0,1.0,8.0
939,0.0,0.0,20.0,45.0,36.0,8.0,0.0,0.0,0.0,2.0,0.0,8.0,0.0,1.0,8.0,0.0,8.0
940,0.0,0.0,20.0,44.0,31.0,9.0,3.0,0.0,0.0,2.0,0.0,9.0,0.0,1.0,9.0,1.0,8.0
941,0.0,0.0,22.0,52.0,34.0,8.0,0.0,0.0,0.0,2.0,0.0,8.0,0.0,1.0,9.0,1.0,8.0
942,0.0,0.0,20.0,41.0,37.0,9.0,0.0,0.0,0.0,2.0,0.0,9.0,0.0,1.0,10.0,0.0,8.0
943,0.0,0.0,20.0,52.0,34.0,10.0,1.0,0.0,0.0,2.0,0.0,8.0,0.0,1.0,9.0,0.0,8.0
944,0.0,0.0,21.0,40.0,33.0,10.0,1.0,0.0,0.0,3.0,0.0,9.0,0.0,1.0,8.0,0.0,8.0
945,0.0,0.0,21.0,41.0,31.0,8.0,0.0,0.0,0.0,2.0,0.0,8.0,1.0,2.0,9.0,2.0,9.0
946,0.0,0.0,20.0,49.0,31.0,9.0,1.0,0.0,0.0,3.0,0.0,9.0,0.0,2.0,10.0,0.0,9.0
947,0.0,0.0,19.0,44.0,33.0,12.0,4.0,0.0,0.0,3.0,0.0,8.0,0.0,2.0,11.0,0.0,9.0
948,0.0,0.0,20.0,37.0,34.0,8.0,0.0,0.0,0.0,4.0,0.0,10.0,0.0,2.0,8.0,1.0,8.0
949,0.0,0.0,20.0,40.0,36.0,8.0,0.0,0.0,0.0,4.0,0.0,8.0,0.0,2.0,8.0,3.0,8.0
950,0.0,0.0,22.0,42.0,30.0,9.0,1.0,0.0,0.0,3.0,0.0,10.0,0.0,2.0,8.0,0.0,9.0
951,0.0,0.0,20.0,54.0,32.0,8.0,2.0,0.0,0.0,5.0,0.0,8.0,0.0,1.0,8.0,1.0,9.0
952,1.0,0.0,19.0,48.0,32.0,12.0,3.0,0.0,0.0,3.0,0.0,9.0,0.0,1.0,9.0,1.0,8.0
953,0.0,0.0,21.0,48.0,34.0,8.0,0.0,0.0,0.0,3.0,0.0,8.0,1.0,1.0,10.0,0.0,8.0
954,0.0,1.0,20.0,52.0,32.0,8.0,0.0,0.0,0.0,3.0,0.0,9.0,0.0,1.0,8.0,1.0,8.0
955,0.0,0.0,19.0,37.0,33.0,9.0,0.0,0.0,0.0,4.0,0.0,8.0,1.0,1.0,8.0,1.0,8.0
956,1.0,0.0,19.0,43.0,38.0,8.0,0.0,0.0,0.0,4.0,0.0,9.0,0.0,1.0,10.0,0.0,8.0
957,0.0,1.0,19.0,46.0,38.0,9.0,0.0,0.0,0.0,4.0,0.0,8.0,1.0,1.0,8.0,1.0,8.0
958,0.0,0.0,19.0,37.0,36.0,13.0,2.0,0.0,0.0,4.0,0.0,9.0,0.0,1.0,10.0,1.0,8.0
959,0.0,0.0,20.0,52.0,32.0,10.0,1.0,0.0,0.0,4.0,0.0,8.0,0.0,2.0,8.0,1.0,8.0
960,0.0,0.0,19.0,43.0,33.0,9.0,2.0,0.0,0.0,4.0,0.0,10.0,2.0,1.0,8.0,0.0,10.0
961,0.0,0.0,18.0,45.0,35.0,11.0,1.0,0.0,0.0,4.0,0.0,9.0,0.0,1.0,12.0,0.0,9.0
962,0.0,0.0,18.0,39.0,34.0,8.0,0.0,0.0,0.0,3.0,0.0,9.0,0.0,1.0,8.0,2.0,8.0
963,1.0,0.0,18.0,40.0,34.0,8.0,0.0,0.0,0.0,4.0,0.0,8.0,0.0,1.0,8.0,0.0,8.0
964,0.0,0.0,18.0,35.0,36.0,8.0,0.0,0.0,0.0,4.0,0.0,9.0,0.0,1.0,9.0,3.0,8.0
965,0.0,0.0,21.0,42.0,35.0,8.0,0.0,0.0,0.0,4.0,0.0,8.0,1.0,1.0,9.0,0.0,8.0
966,0.0,0.0,18.0,42.0,33.0,8.0,0.0,0.0,0.0,3.0,0.0,9.0,0.0,1.0,9.0,0.0,8.0
967,0.0,0.0,18.0,49.0,35.0,8.0,0.0,0.0,0.0,3.0,0.0,8.0,0.0,1.0,8.0,1.0,8.0
968,0.0,0.0,19.0,44.0,34.0,8.0,0.0,0.0,0.0,4.0,0.0,9.0,0.0,1.0,10.0,1.0,8.0
969,0.0,0.0,18.0,42.0,33.0,9.0,0.0,0.0,0.0,4.0,0.0,9.0,0.0,1.0,9.0,1.0,9.0
970,0.0,0.0,19.0,41.0,34.0,9.0,0.0,0.0,0.0,3.0,0.0,10.0,0.0,1.0,9.0,0.0,9.0
971,0.0,0.0,19.0,43.0,36.0,9.0,1.0,0.0,0.0,3.0,0.0,10.0,0.0,1.0,9.0,0.0,9.0
972,0.0,0.0,18.0,40.0,35.0,12.0,2.0,0.0,0.0,3.0,0.0,10.0,0.0,1.0,11.0,2.0,9.0
973,0.0,0.0,19.0,42.0,37.0,9.0,0.0,0.0,0.0,4.0,0.0,10.0,0.0,1.0,9.0,1.0,9.0
974,0.0,1.0,18.0,51.0,39.0,10.0,0.0,0.0,0.0,5.0,0.0,10.0,0.0,1.0,10.0,0.0,9.0
975,0.0,0.0,18.0,45.0,38.0,10.0,0.0,0.0,0.0,3.0,0.0,9.0,0.0,1.0,9.0,0.0,9.0
976,0.0,0.0,18.0,45.0,41.0,10.0,2.0,0.0,0.0,4.0,0.0,10.0,0.0,1.0,9.0,0.0,9.0
977,0.0,0.0,20.0,40.0,40.0,9.0,1.0,0.0,0.0,4.0,0.0,10.0,0.0,1.0,9.0,2.0,9.0
978,0.0,0.0,18.0,49.0,36.0,10.0,1.0,0.0,0.0,5.0,0.0,10.0,0.0,1.0,11.0,1.0,9.0
979,0.0,0.0,19.0,52.0,36.0,9.0,0.0,0.0,0.0,4.0,0.0,9.0,0.0,1.0,9.0,0.0,9.0
980,0.0,0.0,20.0,52.0,38.0,10.0,1.0,0.0,0.0,4.0,0.0,10.0,0.0,1.0,12.0,1.0,9.0
981,0.0,0.0,19.0,51.0,34.0,9.0,1.0,0.0,0.0,4.0,0.0,9.0,0.0,1.0,9.0,0.0,9.0
982,0.0,0.0,19.0,47.0,33.0,9.0,0.0,0.0,0.0,3.0,0.0,10.0,0.0,1.0,10.0,0.0,9.0
983,0.0,0.0,19.0,47.0,37.0,10.0,1.0,0.0,0.0,3.0,0.0,10.0,0.0,1.0,11.0,1.0,9.0
984,0.0,0.0,20.0,42.0,39.0,12.0,3.0,0.0,0.0,4.0,0.0,10.0,0.0,1.0,9.0,1.0,9.0
985,0.0,0.0,22.0,46.0,42.0,9.0,2.0,0.0,0.0,3.0,0.0,9.0,0.0,1.0,9.0,0.0,9.0
986,0.0,0.0,23.0,49.0,39.0,14.0,4.0,0.0,0.0,3.0,0.0,10.0,0.0,1.0,11.0,0.0,9.0
987,0.0,0.0,20.0,48.0,34.0,11.0,4.0,0.0,0.0,3.0,0.0,10.0,0.0,1.0,9.0,2.0,9.0
988,0.0,0.0,20.0,48.0,37.0,9.0,1.0,0.0,0.0,7.0,0.0,10.0,0.0,2.0,9.0,0.0,10.0
989,0.0,0.0,19.0,52.0,36.0,11.0,2.0,0.0,0.0,2.0,0.0,10.0,0.0,1.0,12.0,0.0,9.0
990,0.0,1.0,20.0,52.0,36.0,10.0,0.0,0.0,0.0,2.0,0.0,10.0,0.0,1.0,9.0,2.0,10.0
991,0.0,0.0,19.0,53.0,36.0,9.0,0.0,0.0,0.0,3.0,0.0,9.0,0.0,1.0,9.0,0.0,9.0
992,0.0,0.0,19.0,53.0,41.0,10.0,1.0,0.0,0.0,2.0,0.0,10.0,0.0,1.0,10.0,3.0,9.0
993,0.0,0.0,20.0,55.0,36.0,12.0,2.0,0.0,0.0,4.0,0.0,11.0,0.0,1.0,9.0,0.0,9.0
994,0.0,0.0,21.0,59.0,40.0,11.0,1.0,0.0,0.0,3.0,0.0,12.0,0.0,1.0,9.0,1.0,9.0
995,0.0,0.0,22.0,53.0,33.0,9.0,2.0,0.0,0.0,2.0,0.0,9.0,0.0,1.0,9.0,0.0,9.0
996,0.0,0.0,22.0,48.0,33.0,9.0,0.0,0.0,0.0,4.0,0.0,10.0,0.0,1.0,9.0,0.0,9.0
997,0.0,0.0,22.0,52.0,35.0,9.0,2.0,0.0,0.0,2.0,0.0,9.0,0.0,1.0,11.0,0.0,9.0
998,0.0,0.0,22.0,46.0,36.0,9.0,0.0,0.0,0.0,3.0,0.0,10.0,0.0,1.0,10.0,0.0,9.0
999,0.0,0.0,22.0,49.0,44.0,9.0,1.0,0.0,0.0,2.0,0.0,9.0,0.0,1.0,9.0,2.0,10.0
1000,0.0,0.0,24.0,46.0,36.0,9.0,1.0,0.0,0.0,2.0,0.0,11.0,0.0,1.0,9.0,2.0,10.0
1001,0.0,0.0,23.0,59.0,36.0,10.0,2.0,0.0,0.0,2.0,0.0,9.0,0.0,1.0,9.0,0.0,9.0
1002,0.0,0.0,21.0,65.0,38.0,10.0,0.0,0.0,0.0,2.0,0.0,10.0,0.0,1.0,10.0,1.0,9.0
1003,0.0,0.0,23.0,59.0,39.0,9.0,2.0,0.0,0.0,3.0,0.0,9.0,0.0,1.0,9.0,1.0,9.0
1004,0.0,0.0,21.0,51.0,37.0,10.0,0.0,0.0,0.0,3.0,0.0,10.0,0.0,1.0,10.0,2.0,9.0
1005,0.0,0.0,20.0,53.0,36.0,13.0,3.0,0.0,0.0,3.0,0.0,9.0,0.0,3.0,11.0,0.0,9.0
1006,1.0,0.0,20.0,51.0,38.0,10.0,0.0,0.0,0.0,5.0,0.0,10.0,1.0,1.0,10.0,0.0,9.0
1007,0.0,0.0,20.0,53.0,38.0,9.0,1.0,0.0,0.0,3.0,0.0,9.0,0.0,2.0,9.0,1.0,9.0
1008,1.0,0.0,21.0,50.0,41.0,9.0,0.0,0.0,0.0,3.0,0.0,10.0,0.0,1.0,10.0,0.0,9.0
1009,0.0,0.0,20.0,47.0,38.0,10.0,0.0,0.0,0.0,4.0,0.0,9.0,0.0,1.0,9.0,2.0,9.0
1010,0.0,0.0,21.0,54.0,38.0,10.0,1.0,0.0,0.0,3.0,0.0,10.0,0.0,1.0,10.0,0.0,9.0
1011,1.0,0.0,21.0,50.0,37.0,19.0,2.0,0.0,0.0,3.0,0.0,9.0,0.0,1.0,12.0,0.0,9.0
1012,0.0,0.0,22.0,50.0,43.0,13.0,3.0,0.0,0.0,4.0,0.0,10.0,0.0,1.0,13.0,0.0,9.0
1013,1.0,0.0,20.0,58.0,45.0,11.0,1.0,0.0,0.0,4.0,0.0,9.0,0.0,1.0,9.0,2.0,9.0
1014,0.0,0.0,19.0,49.0,42.0,11.0,2.0,0.0,0.0,3.0,0.0,10.0,0.0,1.0,9.0,0.0,9.0
1015,1.0,0.0,22.0,48.0,39.0,9.0,1.0,0.0,0.0,4.0,0.0,9.0,0.0,1.0,12.0,1.0,10.0
1016,0.0,0.0,22.0,53.0,40.0,9.0,1.0,0.0,0.0,4.0,0.0,10.0,0.0,1.0,13.0,3.0,11.0
1017,0.0,0.0,21.0,54.0,38.0,11.0,2.0,0.0,0.0,3.0,0.0,9.0,0.0,1.0,9.0,1.0,11.0
1018,0.0,0.0,20.0,53.0,42.0,15.0,3.0,0.0,0.0,3.0,0.0,10.0,0.0,1.0,12.0,1.0,9.0
1019,0.0,0.0,22.0,60.0,40.0,11.0,1.0,0.0,0.0,4.0,0.0,9.0,0.0,1.0,11.0,1.0,10.0
1020,0.0,0.0,22.0,53.0,40.0,11.0,1.0,0.0,0.0,5.0,0.0,10.0,0.0,1.0,10.0,1.0,9.0
1021,0.0,0.0,21.0,56.0,43.0,13.0,4.0,0.0,0.0,4.0,0.0,10.0,0.0,2.0,12.0,1.0,9.0
1022,0.0,1.0,21.0,63.0,43.0,9.0,3.0,0.0,0.0,3.0,0.0,10.0,0.0,2.0,10.0,1.0,9.0
1023,0.0,0.0,21.0,56.0,42.0,9.0,1.0,0.0,0.0,5.0,0.0,10.0,0.0,1.0,9.0,2.0,10.0
1024,0.0,0.0,20.0,57.0,42.0,11.0,2.0,0.0,0.0,3.0,0.0,10.0,0.0,2.0,10.0,0.0,9.0
1025,0.0,0.0,19.0,56.0,42.0,13.0,3.0,0.0,0.0,5.0,0.0,9.0,0.0,1.0,9.0,1.0,10.0
1026,0.0,0.0,20.0,46.0,42.0,9.0,1.0,0.0,0.0,6.0,0.0,10.0,0.0,2.0,9.0,1.0,9.0
1027,1.0,0.0,20.0,58.0,43.0,9.0,4.0,0.0,0.0,7.0,0.0,9.0,0.0,1.0,9.0,1.0,10.0
1028,0.0,0.0,19.0,56.0,48.0,9.0,1.0,0.0,0.0,5.0,0.0,10.0,0.0,1.0,9.0,0.0,9.0
1029,0.0,0.0,18.0,55.0,44.0,11.0,2.0,0.0,0.0,4.0,0.0,9.0,0.0,1.0,9.0,0.0,9.0
1030,0.0,0.0,19.0,57.0,39.0,10.0,2.0,0.0,0.0,4.0,0.0,11.0,0.0,1.0,10.0,0.0,10.0
1031,0.0,0.0,18.0,56.0,42.0,10.0,0.0,0.0,0.0,4.0,0.0,9.0,0.0,1.0,10.0,1.0,10.0
1032,0.0,0.0,20.0,51.0,44.0,11.0,0.0,0.0,0.0,4.0,0.0,10.0,0.0,1.0,12.0,0.0,10.0
1033,0.0,0.0,21.0,50.0,43.0,13.0,1.0,0.0,0.0,6.0,0.0,10.0,0.0,1.0,11.0,1.0,10.0
1034,0.0,0.0,19.0,61.0,44.0,10.0,0.0,0.0,0.0,6.0,0.0,10.0,0.0,1.0,10.0,0.0,10.0
1035,0.0,0.0,19.0,50.0,42.0,10.0,1.0,0.0,0.0,4.0,0.0,11.0,1.0,3.0,11.0,0.0,10.0
1036,0.0,0.0,20.0,51.0,47.0,14.0,4.0,0.0,0.0,7.0,0.0,10.0,0.0,2.0,12.0,0.0,10.0
1037,0.0,0.0,19.0,49.0,45.0,10.0,0.0,0.0,0.0,4.0,0.0,9.0,1.0,1.0,10.0,0.0,9.0
1038,1.0,0.0,19.0,51.0,44.0,11.0,2.0,0.0,0.0,4.0,0.0,10.0,0.0,1.0,10.0,0.0,9.0
1039,0.0,0.0,19.0,49.0,43.0,10.0,1.0,0.0,0.0,3.0,0.0,9.0,0.0,1.0,9.0,1.0,9.0
1040,0.0,0.0,19.0,57.0,45.0,10.0,1.0,0.0,0.0,2.0,0.0,10.0,0.0,1.0,12.0,0.0,9.0
1041,0.0,0.0,19.0,51.0,48.0,9.0,0.0,0.0,0.0,2.0,0.0,9.0,0.0,1.0,9.0,1.0,9.0
1042,0.0,0.0,20.0,47.0,47.0,10.0,0.0,0.0,0.0,2.0,0.0,10.0,0.0,1.0,9.0,1.0,9.0
1043,0.0,0.0,18.0,50.0,49.0,10.0,0.0,0.0,0.0,4.0,0.0,9.0,0.0,0.0,9.0,0.0,10.0
1044,0.0,0.0,17.0,46.0,48.0,11.0,1.0,0.0,0.0,3.0,0.0,11.0,0.0,0.0,11.0,3.0,10.0
1045,0.0,0.0,20.0,50.0,42.0,12.0,0.0,0.0,0.0,2.0,0.0,10.0,0.0,0.0,10.0,1.0,10.0
1046,0.0,0.0,18.0,52.0,44.0,14.0,3.0,0.0,0.0,3.0,0.0,10.0,0.0,0.0,10.0,3.0,9.0
1047,0.0,0.0,17.0,57.0,48.0,9.0,2.0,0.0,0.0,2.0,0.0,9.0,0.0,0.0,9.0,0.0,9.0
1048,0.0,0.0,18.0,62.0,49.0,10.0,0.0,0.0,0.0,3.0,0.0,10.0,0.0,0.0,10.0,1.0,9.0
1049,0.0,0.0,18.0,60.0,44.0,9.0,0.0,0.0,0.0,2.0,0.0,9.0,0.0,0.0,10.0,2.0,9.0
1050,0.0,0.0,18.0,66.0,42.0,10.0,0.0,0.0,0.0,2.0,0.0,11.0,0.0,0.0,10.0,1.0,10.0
1051,0.0,0.0,17.0,50.0,41.0,10.0,0.0,0.0,0.0,5.0,0.0,10.0,0.0,0.0,10.0,0.0,11.0
1052,0.0,0.0,18.0,60.0,43.0,12.0,2.0,0.0,0.0,3.0,0.0,11.0,0.0,2.0,10.0,1.0,10.0
1053,0.0,0.0,18.0,60.0,42.0,12.0,0.0,0.0,0.0,2.0,0.0,10.0,0.0,0.0,10.0,4.0,10.0
1054,0.0,0.0,23.0,59.0,38.0,12.0,1.0,0.0,0.0,2.0,0.0,11.0,0.0,0.0,11.0,1.0,10.0
1055,1.0,0.0,18.0,55.0,41.0,12.0,0.0,0.0,0.0,2.0,0.0,9.0,0.0,0.0,11.0,1.0,12.0
1056,1.0,0.0,19.0,59.0,39.0,10.0,3.0,0.0,0.0,3.0,0.0,10.0,0.0,0.0,11.0,2.0,11.0
1057,1.0,0.0,18.0,55.0,39.0,15.0,2.0,0.0,0.0,3.0,0.0,10.0,0.0,2.0,11.0,3.0,10.0
1058,0.0,0.0,19.0,52.0,42.0,10.0,0.0,0.0,0.0,7.0,0.0,11.0,2.0,0.0,10.0,0.0,11.0
1059,0.0,0.0,20.0,49.0,37.0,12.0,1.0,0.0,0.0,4.0,0.0,10.0,0.0,0.0,13.0,1.0,10.0
1060,0.0,0.0,20.0,52.0,39.0,14.0,2.0,0.0,0.0,4.0,0.0,11.0,0.0,1.0,16.0,1.0,10.0
1061,0.0,0.0,18.0,47.0,44.0,12.0,0.0,0.0,0.0,3.0,0.0,10.0,0.0,0.0,12.0,1.0,11.0
1062,0.0,0.0,18.0,56.0,37.0,10.0,1.0,0.0,0.0,2.0,0.0,11.0,0.0,0.0,10.0,0.0,10.0
1063,0.0,0.0,18.0,54.0,39.0,12.0,2.0,0.0,0.0,4.0,0.0,10.0,0.0,0.0,12.0,1.0,10.0
1064,0.0,0.0,18.0,47.0,39.0,13.0,1.0,0.0,0.0,2.0,0.0,13.0,0.0,0.0,13.0,0.0,10.0
1065,0.0,0.0,19.0,55.0,34.0,11.0,1.0,0.0,0.0,4.0,0.0,10.0,0.0,0.0,11.0,0.0,11.0
1066,0.0,1.0,18.0,55.0,37.0,13.0,4.0,0.0,0.0,4.0,0.0,13.0,0.0,0.0,10.0,1.0,10.0
1067,0.0,0.0,17.0,56.0,37.0,10.0,1.0,0.0,0.0,5.0,0.0,12.0,0.0,1.0,10.0,1.0,11.0
1068,0.0,0.0,17.0,56.0,44.0,12.0,2.0,0.0,0.0,4.0,0.0,11.0,0.0,0.0,10.0,0.0,10.0
1069,0.0,0.0,17.0,47.0,43.0,12.0,0.0,0.0,0.0,2.0,0.0,11.0,0.0,0.0,11.0,0.0,9.0
1070,0.0,0.0,17.0,47.0,38.0,15.0,0.0,0.0,0.0,2.0,0.0,11.0,0.0,0.0,11.0,1.0,12.0
1071,2.0,0.0,17.0,51.0,39.0,15.0,3.0,0.0,0.0,3.0,0.0,11.0,0.0,1.0,11.0,0.0,11.0
1072,3.0,0.0,17.0,51.0,42.0,16.0,0.0,0.0,0.0,3.0,0.0,10.0,0.0,1.0,9.0,3.0,10.0
1073,4.0,0.0,19.0,56.0,39.0,13.0,1.0,0.0,0.0,2.0,0.0,9.0,0.0,2.0,11.0,0.0,10.0
1074,4.0,0.0,17.0,44.0,38.0,17.0,3.0,0.0,0.0,3.0,0.0,11.0,0.0,1.0,10.0,0.0,11.0
1075,5.0,1.0,16.0,56.0,37.0,13.0,1.0,0.0,0.0,3.0,0.0,9.0,1.0,0.0,9.0,1.0,10.0
1076,4.0,0.0,18.0,50.0,34.0,17.0,3.0,0.0,0.0,5.0,0.0,10.0,1.0,0.0,13.0,1.0,11.0
1077,4.0,0.0,20.0,54.0,36.0,15.0,1.0,0.0,0.0,6.0,0.0,10.0,0.0,0.0,12.0,0.0,12.0
1078,4.0,0.0,18.0,50.0,37.0,20.0,4.0,0.0,0.0,8.0,0.0,10.0,1.0,0.0,12.0,1.0,11.0
1079,4.0,0.0,19.0,57.0,40.0,16.0,1.0,0.0,0.0,8.0,0.0,9.0,1.0,0.0,9.0,0.0,10.0
1080,4.0,0.0,19.0,53.0,37.0,14.0,2.0,0.0,0.0,6.0,0.0,11.0,1.0,0.0,9.0,0.0,10.0
1081,4.0,0.0,19.0,51.0,39.0,13.0,0.0,0.0,0.0,5.0,0.0,9.0,0.0,1.0,14.0,0.0,10.0
1082,4.0,0.0,17.0,51.0,37.0,14.0,2.0,0.0,0.0,4.0,0.0,10.0,0.0,1.0,11.0,0.0,10.0
1083,4.0,0.0,17.0,46.0,40.0,16.0,3.0,0.0,0.0,3.0,0.0,10.0,0.0,0.0,9.0,1.0,10.0
1084,5.0,0.0,15.0,52.0,41.0,17.0,0.0,0.0,0.0,3.0,0.0,9.0,0.0,0.0,10.0,2.0,12.0
1085,6.0,0.0,17.0,52.0,41.0,21.0,1.0,0.0,0.0,4.0,0.0,9.0,0.0,0.0,9.0,1.0,11.0
1086,6.0,0.0,15.0,48.0,42.0,21.0,0.0,0.0,0.0,3.0,0.0,9.0,0.0,0.0,9.0,2.0,12.0
1087,8.0,0.0,16.0,61.0,40.0,22.0,1.0,0.0,0.0,3.0,0.0,8.0,0.0,0.0,8.0,0.0,12.0
1088,6.0,0.0,15.0,45.0,46.0,22.0,0.0,0.0,0.0,4.0,0.0,9.0,1.0,1.0,8.0,1.0,12.0
1089,8.0,0.0,18.0,51.0,41.0,21.0,2.0,0.0,0.0,5.0,0.0,8.0,0.0,0.0,8.0,0.0,12.0
1090,6.0,0.0,15.0,60.0,40.0,17.0,0.0,0.0,0.0,3.0,0.0,9.0,0.0,1.0,8.0,0.0,13.0
1091,7.0,0.0,17.0,67.0,38.0,16.0,1.0,0.0,0.0,4.0,0.0,8.0,1.0,0.0,8.0,1.0,10.0
1092,4.0,0.0,15.0,47.0,37.0,22.0,2.0,0.0,0.0,3.0,0.0,11.0,0.0,0.0,12.0,2.0,11.0
1093,4.0,0.0,19.0,50.0,37.0,17.0,3.0,0.0,0.0,4.0,0.0,9.0,0.0,0.0,9.0,0.0,11.0
1094,4.0,0.0,18.0,50.0,40.0,16.0,2.0,0.0,0.0,3.0,0.0,10.0,0.0,0.0,13.0,1.0,11.0
1095,4.0,0.0,18.0,52.0,39.0,13.0,1.0,0.0,0.0,3.0,0.0,9.0,0.0,0.0,12.0,0.0,10.0
1096,4.0,0.0,17.0,49.0,38.0,17.0,2.0,0.0,0.0,4.0,0.0,11.0,1.0,0.0,13.0,1.0,10.0
1097,4.0,0.0,17.0,49.0,39.0,14.0,0.0,0.0,0.0,2.0,0.0,10.0,1.0,0.0,9.0,1.0,10.0
1098,4.0,0.0,16.0,57.0,41.0,13.0,0.0,0.0,0.0,2.0,0.0,10.0,0.0,0.0,9.0,0.0,11.0
1099,2.0,0.0,17.0,48.0,42.0,15.0,1.0,0.0,0.0,2.0,0.0,10.0,0.0,0.0,10.0,2.0,11.0
1100,4.0,0.0,15.0,53.0,43.0,14.0,2.0,0.0,0.0,2.0,0.0,10.0,0.0,0.0,10.0,1.0,11.0
1101,4.0,0.0,17.0,58.0,38.0,18.0,2.0,0.0,0.0,2.0,0.0,9.0,0.0,0.0,13.0,1.0,11.0
1102,2.0,0.0,17.0,67.0,37.0,16.0,4.0,0.0,0.0,3.0,0.0,9.0,0.0,0.0,11.0,1.0,12.0
1103,4.0,0.0,17.0,49.0,34.0,16.0,2.0,0.0,0.0,3.0,0.0,8.0,0.0,0.0,9.0,1.0,10.0
1104,2.0,0.0,15.0,49.0,40.0,13.0,1.0,0.0,0.0,4.0,0.0,10.0,0.0,0.0,9.0,2.0,10.0
1105,2.0,0.0,16.0,45.0,43.0,17.0,1.0,0.0,0.0,2.0,0.0,9.0,0.0,0.0,10.0,1.0,10.0
1106,2.0,0.0,15.0,49.0,38.0,15.0,1.0,0.0,0.0,2.0,0.0,9.0,0.0,0.0,11.0,0.0,11.0
1107,0.0,0.0,16.0,59.0,38.0,11.0,2.0,0.0,0.0,3.0,0.0,8.0,0.0,0.0,11.0,0.0,10.0
1108,0.0,0.0,15.0,49.0,39.0,11.0,1.0,0.0,0.0,4.0,0.0,9.0,0.0,0.0,13.0,2.0,10.0
1109,0.0,0.0,14.0,49.0,42.0,10.0,1.0,0.0,0.0,3.0,0.0,9.0,0.0,2.0,11.0,0.0,8.0
1110,0.0,0.0,16.0,44.0,43.0,8.0,1.0,0.0,0.0,4.0,0.0,9.0,0.0,1.0,9.0,0.0,8.0
1111,0.0,0.0,15.0,56.0,40.0,14.0,0.0,0.0,0.0,3.0,0.0,9.0,1.0,0.0,9.0,0.0,9.0
1112,0.0,0.0,15.0,45.0,43.0,13.0,2.0,0.0,0.0,3.0,0.0,9.0,0.0,0.0,8.0,4.0,9.0
1113,0.0,0.0,17.0,55.0,38.0,13.0,0.0,0.0,0.0,3.0,0.0,8.0,0.0,1.0,11.0,1.0,10.0
1114,0.0,0.0,15.0,43.0,43.0,14.0,2.0,0.0,0.0,5.0,0.0,9.0,1.0,0.0,8.0,1.0,10.0
1115,0.0,0.0,17.0,53.0,43.0,12.0,1.0,0.0,0.0,3.0,0.0,9.0,1.0,0.0,9.0,3.0,9.0
1116,0.0,0.0,17.0,51.0,44.0,12.0,0.0,0.0,0.0,3.0,0.0,10.0,0.0,1.0,9.0,1.0,8.0
1117,0.0,0.0,15.0,49.0,46.0,9.0,1.0,0.0,0.0,2.0,0.0,8.0,0.0,1.0,9.0,1.0,8.0
1118,0.0,0.0,15.0,44.0,47.0,10.0,2.0,0.0,0.0,2.0,0.0,9.0,0.0,1.0,8.0,1.0,8.0
1119,1.0,0.0,18.0,49.0,43.0,11.0,4.0,0.0,0.0,2.0,0.0,8.0,0.0,1.0,9.0,0.0,8.0
1120,0.0,0.0,17.0,50.0,45.0,9.0,0.0,0.0,0.0,5.0,0.0,9.0,0.0,1.0,10.0,2.0,8.0
1121,0.0,0.0,16.0,52.0,46.0,12.0,2.0,0.0,0.0,6.0,0.0,8.0,0.0,1.0,10.0,0.0,9.0
1122,1.0,0.0,17.0,43.0,47.0,13.0,0.0,0.0,0.0,9.0,0.0,9.0,0.0,1.0,10.0,7.0,9.0
1123,0.0,0.0,19.0,54.0,42.0,9.0,0.0,0.0,0.0,8.0,0.0,8.0,1.0,1.0,9.0,0.0,8.0
1124,0.0,0.0,18.0,42.0,43.0,9.0,1.0,0.0,0.0,6.0,0.0,9.0,0.0,1.0,8.0,1.0,8.0
1125,4.0,0.0,17.0,46.0,45.0,12.0,0.0,0.0,0.0,4.0,0.0,8.0,0.0,1.0,9.0,0.0,9.0
1126,4.0,0.0,18.0,48.0,43.0,14.0,2.0,0.0,0.0,7.0,0.0,9.0,0.0,1.0,9.0,2.0,10.0
1127,4.0,0.0,14.0,52.0,47.0,13.0,2.0,0.0,0.0,5.0,0.0,9.0,0.0,1.0,9.0,0.0,10.0
1128,4.0,0.0,13.0,56.0,44.0,14.0,0.0,0.0,0.0,5.0,0.0,11.0,0.0,1.0,11.0,0.0,11.0
1129,2.0,0.0,13.0,52.0,44.0,16.0,0.0,0.0,0.0,4.0,0.0,10.0,0.0,1.0,11.0,0.0,10.0
1130,2.0,0.0,13.0,48.0,45.0,17.0,2.0,0.0,0.0,4.0,0.0,9.0,0.0,1.0,8.0,1.0,11.0
1131,0.0,0.0,14.0,58.0,46.0,12.0,1.0,0.0,0.0,4.0,0.0,8.0,0.0,1.0,9.0,1.0,9.0
1132,0.0,0.0,14.0,49.0,44.0,12.0,0.0,0.0,0.0,5.0,0.0,9.0,0.0,1.0,8.0,2.0,9.0
1133,0.0,0.0,12.0,61.0,43.0,13.0,2.0,0.0,0.0,5.0,0.0,8.0,0.0,1.0,9.0,0.0,9.0
1134,0.0,0.0,14.0,65.0,46.0,12.0,1.0,0.0,0.0,4.0,0.0,9.0,0.0,2.0,8.0,1.0,9.0
1135,0.0,0.0,13.0,55.0,47.0,8.0,0.0,0.0,0.0,5.0,0.0,8.0,0.0,1.0,8.0,1.0,8.0
1136,1.0,0.0,15.0,48.0,43.0,9.0,1.0,0.0,0.0,5.0,0.0,9.0,0.0,0.0,8.0,0.0,8.0
1137,0.0,0.0,13.0,52.0,46.0,9.0,0.0,0.0,0.0,4.0,0.0,8.0,0.0,0.0,8.0,1.0,8.0
1138,0.0,0.0,14.0,53.0,50.0,9.0,0.0,0.0,0.0,4.0,0.0,9.0,0.0,0.0,10.0,2.0,8.0
1139,0.0,0.0,14.0,59.0,44.0,8.0,0.0,0.0,0.0,4.0,0.0,8.0,0.0,0.0,10.0,0.0,8.0
1140,0.0,0.0,14.0,56.0,43.0,10.0,0.0,0.0,0.0,4.0,0.0,9.0,0.0,0.0,9.0,1.0,9.0
1141,0.0,0.0,14.0,48.0,42.0,11.0,1.0,0.0,0.0,4.0,0.0,8.0,0.0,0.0,9.0,0.0,9.0
1142,0.0,0.0,13.0,52.0,44.0,9.0,1.0,0.0,0.0,4.0,0.0,9.0,0.0,0.0,9.0,2.0,8.0
1143,0.0,0.0,15.0,45.0,44.0,10.0,1.0,0.0,0.0,4.0,0.0,8.0,0.0,0.0,9.0,1.0,8.0
1144,0.0,0.0,13.0,50.0,44.0,8.0,1.0,0.0,0.0,4.0,0.0,9.0,0.0,0.0,8.0,2.0,11.0
1145,0.0,0.0,15.0,57.0,44.0,8.0,0.0,0.0,0.0,5.0,0.0,10.0,0.0,0.0,9.0,0.0,8.0
1146,0.0,0.0,17.0,42.0,48.0,8.0,1.0,0.0,0.0,5.0,0.0,9.0,0.0,0.0,8.0,3.0,8.0
1147,1.0,0.0,16.0,45.0,42.0,8.0,1.0,0.0,0.0,5.0,0.0,8.0,0.0,0.0,10.0,1.0,8.0
1148,0.0,0.0,16.0,43.0,43.0,8.0,1.0,0.0,0.0,4.0,0.0,9.0,0.0,0.0,8.0,1.0,8.0
1149,0.0,0.0,15.0,52.0,47.0,8.0,1.0,0.0,0.0,4.0,0.0,8.0,0.0,0.0,9.0,1.0,8.0
1150,0.0,0.0,15.0,48.0,43.0,9.0,1.0,0.0,0.0,4.0,0.0,9.0,0.0,1.0,8.0,0.0,8.0
1151,1.0,1.0,17.0,45.0,45.0,8.0,0.0,0.0,0.0,6.0,0.0,8.0,1.0,0.0,10.0,3.0,9.0
1152,0.0,0.0,15.0,50.0,44.0,10.0,2.0,0.0,0.0,4.0,0.0,9.0,0.0,0.0,8.0,1.0,8.0
1153,0.0,0.0,17.0,47.0,46.0,11.0,2.0,0.0,0.0,4.0,0.0,8.0,0.0,0.0,8.0,2.0,8.0
1154,0.0,0.0,17.0,50.0,43.0,8.0,1.0,0.0,0.0,4.0,0.0,9.0,0.0,0.0,8.0,1.0,8.0
1155,0.0,0.0,16.0,51.0,49.0,8.0,1.0,0.0,0.0,4.0,0.0,8.0,0.0,0.0,11.0,1.0,8.0
1156,0.0,0.0,16.0,51.0,45.0,8.0,0.0,0.0,0.0,5.0,0.0,10.0,0.0,0.0,8.0,1.0,8.0
1157,2.0,0.0,15.0,47.0,47.0,11.0,1.0,0.0,0.0,4.0,0.0,8.0,0.0,0.0,12.0,0.0,8.0
1158,0.0,0.0,15.0,44.0,48.0,10.0,2.0,0.0,0.0,4.0,0.0,10.0,0.0,0.0,8.0,1.0,8.0
1159,0.0,0.0,17.0,50.0,47.0,10.0,0.0,0.0,0.0,4.0,0.0,8.0,0.0,0.0,8.0,1.0,8.0
1160,0.0,0.0,16.0,53.0,43.0,8.0,2.0,0.0,0.0,5.0,0.0,9.0,0.0,1.0,8.0,2.0,8.0
1161,1.0,0.0,15.0,44.0,43.0,8.0,0.0,0.0,0.0,5.0,0.0,8.0,0.0,1.0,8.0,0.0,8.0
1162,4.0,0.0,15.0,44.0,44.0,12.0,1.0,0.0,0.0,5.0,0.0,9.0,0.0,0.0,8.0,1.0,9.0
1163,4.0,0.0,17.0,42.0,45.0,12.0,2.0,0.0,0.0,4.0,0.0,8.0,1.0,0.0,9.0,1.0,9.0
1164,4.0,0.0,18.0,37.0,45.0,14.0,1.0,0.0,0.0,7.0,0.0,9.0,0.0,0.0,9.0,0.0,9.0
1165,4.0,0.0,16.0,44.0,44.0,13.0,0.0,0.0,0.0,5.0,0.0,8.0,0.0,0.0,8.0,0.0,9.0
1166,4.0,0.0,16.0,40.0,42.0,12.0,0.0,0.0,0.0,4.0,0.0,9.0,0.0,0.0,8.0,1.0,9.0
1167,4.0,0.0,16.0,38.0,46.0,12.0,0.0,0.0,0.0,4.0,0.0,8.0,0.0,0.0,8.0,1.0,9.0
1168,4.0,0.0,16.0,46.0,44.0,15.0,3.0,0.0,0.0,4.0,0.0,9.0,0.0,0.0,11.0,1.0,9.0
1169,4.0,0.0,15.0,43.0,45.0,13.0,0.0,0.0,0.0,4.0,0.0,8.0,0.0,0.0,8.0,2.0,10.0
1170,4.0,0.0,15.0,37.0,43.0,13.0,0.0,0.0,0.0,5.0,0.0,9.0,0.0,0.0,8.0,1.0,9.0
1171,4.0,0.0,17.0,44.0,44.0,13.0,1.0,0.0,0.0,6.0,0.0,8.0,0.0,0.0,9.0,1.0,9.0
1172,5.0,1.0,17.0,43.0,47.0,12.0,1.0,0.0,0.0,7.0,0.0,10.0,0.0,0.0,8.0,0.0,9.0
1173,4.0,0.0,15.0,48.0,47.0,12.0,2.0,0.0,0.0,6.0,0.0,8.0,0.0,0.0,10.0,1.0,9.0
1174,4.0,0.0,15.0,40.0,45.0,13.0,0.0,0.0,0.0,6.0,0.0,9.0,0.0,0.0,10.0,0.0,9.0
1175,4.0,0.0,16.0,45.0,46.0,12.0,0.0,0.0,0.0,4.0,0.0,8.0,0.0,0.0,8.0,1.0,9.0
1176,5.0,0.0,15.0,44.0,40.0,12.0,0.0,0.0,0.0,5.0,0.0,9.0,0.0,0.0,10.0,0.0,9.0
1177,4.0,0.0,15.0,43.0,41.0,14.0,1.0,0.0,0.0,4.0,0.0,8.0,0.0,0.0,11.0,1.0,9.0
1178,4.0,0.0,15.0,44.0,40.0,13.0,1.0,0.0,0.0,5.0,0.0,9.0,1.0,0.0,8.0,0.0,9.0
1179,4.0,0.0,16.0,41.0,44.0,12.0,1.0,0.0,0.0,5.0,0.0,8.0,2.0,0.0,8.0,0.0,9.0
1180,4.0,0.0,16.0,49.0,41.0,14.0,0.0,0.0,0.0,4.0,0.0,10.0,1.0,0.0,11.0,2.0,10.0
1181,5.0,0.0,16.0,48.0,41.0,13.0,0.0,0.0,0.0,5.0,0.0,9.0,0.0,0.0,10.0,0.0,11.0
1182,4.0,0.0,17.0,44.0,42.0,14.0,0.0,0.0,0.0,4.0,0.0,10.0,0.0,0.0,11.0,0.0,11.0
1183,4.0,0.0,17.0,42.0,43.0,15.0,2.0,0.0,0.0,5.0,0.0,9.0,0.0,0.0,9.0,1.0,10.0
1184,4.0,0.0,17.0,45.0,43.0,13.0,0.0,0.0,0.0,5.0,0.0,10.0,0.0,0.0,10.0,1.0,11.0
1185,4.0,0.0,18.0,42.0,42.0,14.0,0.0,0.0,0.0,5.0,0.0,9.0,0.0,0.0,10.0,0.0,13.0
1186,4.0,0.0,17.0,45.0,43.0,13.0,1.0,0.0,0.0,5.0,0.0,10.0,0.0,0.0,11.0,2.0,10.0
1187,5.0,0.0,19.0,40.0,41.0,15.0,1.0,0.0,0.0,5.0,0.0,10.0,0.0,1.0,9.0,0.0,10.0
1188,4.0,0.0,17.0,37.0,39.0,13.0,1.0,0.0,0.0,6.0,0.0,10.0,0.0,0.0,11.0,0.0,12.0
1189,4.0,0.0,18.0,49.0,40.0,15.0,1.0,0.0,0.0,6.0,0.0,8.0,0.0,0.0,10.0,0.0,11.0
1190,3.0,0.0,17.0,46.0,42.0,13.0,0.0,0.0,0.0,6.0,0.0,9.0,0.0,0.0,12.0,0.0,10.0
1191,4.0,0.0,16.0,40.0,40.0,14.0,1.0,0.0,0.0,5.0,0.0,8.0,0.0,0.0,9.0,0.0,10.0
1192,3.0,0.0,16.0,47.0,41.0,13.0,0.0,0.0,0.0,4.0,0.0,9.0,0.0,1.0,9.0,0.0,9.0
1193,4.0,0.0,17.0,43.0,41.0,12.0,0.0,0.0,0.0,6.0,0.0,8.0,0.0,0.0,8.0,0.0,9.0
1194,4.0,0.0,17.0,45.0,43.0,12.0,0.0,0.0,0.0,4.0,0.0,9.0,0.0,0.0,8.0,1.0,9.0
1195,4.0,0.0,16.0,45.0,41.0,17.0,3.0,0.0,0.0,4.0,0.0,9.0,0.0,0.0,11.0,0.0,11.0
1196,4.0,0.0,16.0,39.0,39.0,14.0,0.0,0.0,0.0,4.0,0.0,10.0,0.0,0.0,10.0,2.0,10.0
1197,5.0,0.0,17.0,46.0,41.0,13.0,0.0,0.0,0.0,5.0,0.0,8.0,0.0,0.0,9.0,0.0,9.0
1198,4.0,0.0,16.0,48.0,44.0,12.0,0.0,0.0,0.0,4.0,0.0,9.0,0.0,0.0,8.0,1.0,9.0
1199,4.0,0.0,17.0,45.0,41.0,14.0,1.0,0.0,0.0,4.0,0.0,8.0,0.0,0.0,9.0,0.0,9.0
1200,4.0,0.0,18.0,47.0,41.0,14.0,1.0,0.0,0.0,5.0,0.0,9.0,0.0,0.0,9.0,1.0,8.0
1201,4.0,0.0,17.0,40.0,44.0,11.0,0.0,0.0,0.0,4.0,0.0,7.0,0.0,0.0,7.0,1.0,8.0
